amenities,description,name,score
"Estacionamiento gratis,Internet de alta velocidad gratuito (WiFi),Gimnasio / Sala de entrenamiento,Piscina,Bar/Salón,Playa,Sala de juegos,Los niños se alojan gratis,Estacionamiento vigilado,Wifi,Vestuarios de gimnasio/spa,Entrenador personal,Sauna,Bañera de hidromasaje,Toallas para la piscina/playa,Piscina infinita,Piscina en la terraza,Piscina con vista,Piscina para adultos,Piscina al aire libre,Parte poco profunda de la piscina,Cafetería,Restaurante,Desayuno disponible,Desayuno bufet,Desayuno en la habitación,Bebida de bienvenida de cortesía,Comidas para niños,Comedor al aire libre,Bar en la piscina,Bar junto a la piscina,Bar en la terraza,Minigolf,Cancha de tenis,Parque acuático,Ejercicios aeróbicos,Ejercicios aeróbicos fuera del predio,Billar,Personal de entretenimiento,Entretenimiento nocturno,Karaoke,Tobogán de agua,Juegos de mesa/Rompecabezas,Club nocturno/DJ,Consola de videojuegos,Libros, DVD, música para niños,Patio de juegos para niños,Zona interior de juegos para niños,Actividades infantiles (Ideal para niños / familias),Club de niños,Piscina para niños,Equipo para niños para jugar al aire libre,Sillitas altas disponibles,Transporte al aeropuerto,Servicio de taxi,Centro de negocios con acceso a Internet,Instalaciones para conferencias,Salón de banquetes,Salas de reuniones,Fotocopiadora/Fax en el centro de negocios,Spa,Tratamientos faciales,Hammam,Masaje,Salón de belleza,Solárium,Sala de vapor,Terraza en la azotea,Seguridad las 24 horas,Almacenamiento de equipaje,Conserje,Cambio de divisas,Tienda de regalos,Hotel para no fumadores,Muebles de exterior,Tiendas,Reposeras/Sillas playeras,Sombrillas,Cajero automático en el lugar,Servicio de mayordomo,Portero,Enfermería,Recepción disponible las 24 horas,Limpieza en seco,Servicio de lavandería,Lavandería de autoservicio,Servicio de planchado,Cortinas blackout,Batas de baño,Aire acondicionado,Playa privada,Escritorio,Minibar,TV pantalla plana,Bañera/Ducha,Servicio de limpieza,Habitaciones interconectadas disponibles,Balcón privado,Servicio a la habitación,Caja fuerte,Sala de estar,Sofá,Teléfono,Guardarropa/Ropero,Plancha,Caja de seguridad para computadora portátil,Baños privados,Servicio de despertador/Reloj despertador,Refrigerador,Radio,Productos de tocador de cortesía,Secador de pelo,Vista al mar,Vista a la ciudad,Vista a un lugar de interés,Vista a la piscina,Suite nupcial,Habitaciones para no fumadores,Suites,Habitaciones para familias","El Hotel Las Américas Casa de Playa es un complejo tropical situado frente al Mar Caribe en el norte de Cartagena de Indias. Ofrece 2 piscinas, los bares La Isla y El Chicho, campo de minigolf, cancha de tenis y el Club del “Capitán Estrella” para niños. Hay boutiques, almacén de joyas y WiFi gratuito en todas las zonas. Las habitaciones del Hotel Las Américas Casa de Playa disponen de balcón privado con hamacas, aire acondicionado, ventilador de techo, minibar, conexión WiFi gratuita y TV satelital de pantalla plana. El Hotel cuenta con el restaurante Mesón de Don Cristóbal donde los huéspedes podrán disfrutar de una variedad de platos tradicionales e internacionales y entre los jardines del hotel se encuentra el restaurante Fogón del Navegante, donde se ofrecen suculentas carnes y mariscos a la brasa, acompañados de ensaladas frescas. El Hotel Las Américas Casa de Playa está a 5 minutos en automóvil del aeropuerto internacional Rafael Nuñez y a 10 minutos en automóvil al Centro Histórico de la ciudad. Cuenta con servicio de recepción de 24 horas y aparcamiento privado gratuito.",Hotel Las Américas Casa de Playa,"4,5"
"Internet de alta velocidad gratuito (WiFi),Piscina,Desayuno gratis,Bicicletas disponibles,Transporte al aeropuerto,Salas de reuniones,Masaje en pareja,Terraza en la azotea,Wifi,Toallas para la piscina/playa,Piscina al aire libre,Piscina climatizada,Bar/Salón,Restaurante,Desayuno disponible,Desayuno bufet,Desayuno en la habitación,Menús para dietas especiales,Bar junto a la piscina,Alquiler de autos,Tratamientos faciales,Masaje de pies,Masaje de cuerpo completo,Masaje de cabeza,Masaje,Solárium,Sala de vapor,Seguridad las 24 horas,Almacenamiento de equipaje,Conserje,Periódico,Hotel para no fumadores,Muebles de exterior,Sala de estar o con TV compartida,Reposeras/Sillas playeras,Terraza solárium,Sombrillas,Servicio de mayordomo,Portero,Recepción disponible las 24 horas,Check-in y check-out privado,Limpieza en seco,Servicio de lavandería,Servicio de planchado,Servicio de lustrado de zapatos,Batas de baño,Aire acondicionado,Servicio de limpieza,Balcón privado,Servicio a la habitación,Minibar,Refrigerador,TV pantalla plana,Caja fuerte,Botellas de agua,Caja de seguridad para computadora portátil,Suite nupcial,Habitaciones para no fumadores,Suites,Habitaciones para familias","Casa San Agustín es un hotel de lujo elegante y auténtico, que fue reimaginado para mantener una herencia colonial intacta dentro de tres hermosas casas coloniales que lo componen. Sus 20 habitaciones y 10 suites hermosamente decoradas conservan el auténtico estilo colombiano, a la vez que incorporan a la perfección servicios e instalaciones modernas para los viajeros de hoy. Desde los frescos originales en su biblioteca hasta los techos con vigas de madera centenarias en las habitaciones, la arquitectura de Casa San Agustín evoca la rica historia de la ciudad del siglo XVII. Cuenta con 1 restaurante con 3 ambientes diferentes, bar, pool-bar, piscina, solarium, 1 salón de reuniones hasta 40 personas, biblioteca, conserjería 24 horas, room service y servicios de masaje en una bella terraza al aire libre",Hotel Casa San Agustin,"5,0"
"Estacionamiento gratis,Internet de alta velocidad gratuito (WiFi),Gimnasio / Sala de entrenamiento,Piscina,Desayuno gratis,Playa,Sala de juegos,Guardería,Estacionamiento,Wifi,Clases de actividad física,Sauna,Toallas para la piscina/playa,Piscina con vista,Piscina al aire libre,Bar/Salón,Cafetería,Restaurante,Desayuno bufet,Desayuno en la habitación,Café instantáneo gratis,Té de cortesía,Bebida de bienvenida de cortesía,Bufé apto para niños,Comidas para niños,Comedor al aire libre,Bar de aperitivos,Menús para dietas especiales,Bar junto a la piscina,Campo de golf,Ejercicios aeróbicos,Personal de entretenimiento,Entretenimiento nocturno,Karaoke,Patio,Cancha de tenis fuera del predio,Consola de videojuegos,Libros, DVD, música para niños,Patio de juegos para niños,Cadenas de televisión para niños,Zona interior de juegos para niños,Actividades infantiles (Ideal para niños / familias),Club de niños,Piscina para niños,Se admiten mascotas (Se aceptan perros / mascotas),Transporte al aeropuerto,Centro de negocios con acceso a Internet,Instalaciones para conferencias,Salón de banquetes,Salas de reuniones,Spa,Envoltura corporal,Masaje en pareja,Tratamientos faciales,Masaje de pies,Masaje de cuerpo completo,Masaje de manos,Masaje de cabeza,Servicios de maquillaje,Manicura,Masaje,Silla de masajes,Masaje de cuello,Pedicura,Salón de belleza,Seguridad las 24 horas,Almacenamiento de equipaje,Conserje,Acceso a sala de estar ejecutiva,Tienda de regalos,Hotel para no fumadores,Chimenea al aire libre,Muebles de exterior,Sala de estar o con TV compartida,Reposeras/Sillas playeras,Terraza solárium,Sombrillas,Cajero automático en el lugar,Portero,Paraguas,Recepción disponible las 24 horas,Limpieza en seco,Servicio de lavandería,Servicio de planchado,Cortinas blackout,Batas de baño,Aire acondicionado,Escritorio,Servicio de limpieza,Habitaciones interconectadas disponibles,TV por cable/satélite,Bañera/Ducha,Balcón privado,Servicio a la habitación,Caja fuerte,Sala de estar,Sofá,Teléfono,Instalaciones de habitación VIP,Guardarropa/Ropero,Botellas de agua,Estante para la ropa,Plancha,Baños privados,Piso de azulejos/mármol,Servicio de despertador/Reloj despertador,TV pantalla plana,Películas a pedido,Productos de tocador de cortesía,Secador de pelo,Vista al mar,Vista a la piscina,Habitaciones para no fumadores,Suites,Habitaciones para familias",,Dreams Karibana Cartagena Golf & Spa Resort,"4,5"
"Internet de alta velocidad gratuito (WiFi),Gimnasio / Sala de entrenamiento,Piscina,Desayuno gratis,Salas de reuniones,Almacenamiento de equipaje,Conserje,Recepción disponible las 24 horas,Piscina en la terraza,Piscina al aire libre,Bar/Salón,Restaurante,Bar de aperitivos,Terraza solárium,Sombrillas,Paraguas,Limpieza en seco,Servicio de lavandería,Servicio de planchado,Aire acondicionado,Servicio a la habitación,Caja fuerte,Bañera/Ducha,Habitaciones para no fumadores,Suites",,OSH Hotel Getsemaní,"4,5"
"Estacionamiento público pagado cercano,Internet de alta velocidad gratuito (WiFi),Clases de yoga,Piscina,Bar/Salón,Club nocturno/DJ,Terraza en la azotea,Seguridad las 24 horas,Wifi,Piscina en la terraza,Piscina con vista,Piscina al aire libre,Restaurante,Desayuno disponible,Bar junto a la piscina,Bar en la terraza,Almacenamiento de equipaje,Cocina compartida,Reposeras/Sillas playeras,Terraza solárium,Check-in las 24 horas,Recepción disponible las 24 horas,Servicio de lavandería,Aire acondicionado,Ducha a ras de suelo,Vista a la ciudad,Habitaciones para no fumadores,Suites","Selina Cartagena es una magnífica elección para los viajeros que visiten Cartagena, ya que ofrece un ambiente de moda, además de numerosos servicios diseñados para mejorar tu estancia.,Durante su estancia en Selina Cartagena, los huéspedes pueden visitar Bairro Getsemani (0,2 km) y Plaza de La Trinidad (0,2 km), algunas de las principales atracciones de Cartagena.,Las habitaciones de Selina Cartagena ofrecen aire acondicionado, y los huéspedes pueden estar conectados con wifi gratuito.,Además, durante la estancia en Selina Cartagena los huéspedes tienen acceso a terraza en la azotea. También puedes disfrutar de piscina en la azotea y desayuno.,Los viajeros que quieran gambas pueden acudir a La Vitrola, La Mulata o Café Del Mar Cartagena. Si no, puedes dirigirte a un restaurante de comida asiática como Moshi, Masaki Sushi Wok o Perú Fusión.,Cartagena también se conoce por sus monumentos y estatuas, como La Gorda Gertrudis, Monumento Pedro de Heredia y Claustro de la Merced Mausoleo de Garcia Marquez, que no se encuentran muy lejos de Selina Cartagena.,¡Disfruta de tu estancia en Cartagena!",Selina Cartagena,"4,5"
"Estacionamiento gratis,Internet de alta velocidad gratuito (WiFi),Gimnasio / Sala de entrenamiento,Piscina,Bar/Salón,Playa,Centro de negocios con acceso a Internet,Instalaciones para conferencias,Garaje de estacionamientos,Wifi,Vestuarios de gimnasio/spa,Sauna,Toallas para la piscina/playa,Piscina infinita,Piscina en la terraza,Piscina con vista,Piscina al aire libre,Restaurante,Desayuno disponible,Desayuno bufet,Bar de aperitivos,Menús para dietas especiales,Bar en la piscina,Bar junto a la piscina,Bar en la terraza,Salón de banquetes,Salas de reuniones,Spa,Masaje en pareja,Tratamientos faciales,Masaje de cuerpo completo,Masaje de cabeza,Masaje,Salón de belleza,Terraza en la azotea,Seguridad las 24 horas,Almacenamiento de equipaje,Conserje,Hotel para no fumadores,Reposeras/Sillas playeras,Terraza solárium,Portero,Recepción disponible las 24 horas,Limpieza en seco,Servicio de lavandería,Servicio de planchado,Aire acondicionado,Servicio de limpieza,Servicio a la habitación,Caja fuerte,Instalaciones de habitación VIP,Minibar,TV pantalla plana,Vista al mar,Habitaciones para no fumadores,Suites,Habitaciones para familias","¿Buscas donde alojarte en Cartagena? Entonces no te pierdas Hyatt Regency Cartagena, un hotel romántico que te acerca a lo mejor de Cartagena.,Hyatt Regency Cartagena es un hotel romántico con televisor de pantalla plana, minibar y aire acondicionado en las habitaciones, y es fácil permanecer conectado durante la estancia, ya que ofrece wifi gratuito para los huéspedes.,El hotel tiene terraza en la azotea, conserje y servicio de habitaciones. Además, los huéspedes pueden disfrutar de piscina y desayuno, lo que lo ha convertido en una opción popular entre los viajeros que visitan Cartagena. Para los huéspedes que tengan coche, hay parking gratis disponible.,Los puntos de referencia que hay por los alrededores, como Santuario de San Pedro Claver (1,2 km) y Plaza de San Pedro Claver (1,3 km) hacen de Hyatt Regency Cartagena un magnífico sitio donde alojarse en Cartagena.,Durante tu visita, no dejes de ir a uno de los restaurantes de cangrejo conocidos de Cartagena como La Vitrola, Carmen Restaurant Cartagena y La Cevicheria, que se encuentran cerca de Hyatt Regency Cartagena.,Si buscas cosas que hacer, considera Castillo de San Felipe de Barajas (1,9 km), que es una atracción popular entre los turistas a la que puedes llegar andando.,Estamos seguros de que disfrutarás de tu estancia en Hyatt Regency Cartagena mientras descubres todo lo que Cartagena ofrece.",Hyatt Regency Cartagena,"4,5"
"Garaje de estacionamientos,Internet de alta velocidad gratuito (WiFi),Gimnasio / Sala de entrenamiento,Piscina,Desayuno gratis,Playa,Transporte al aeropuerto,Centro de negocios con acceso a Internet,Wifi,Vestuarios de gimnasio/spa,Bañera de hidromasaje,Toallas para la piscina/playa,Piscina infinita,Piscina en la terraza,Piscina con vista,Piscina al aire libre,Bar/Salón,Restaurante,Desayuno bufet,Bar de aperitivos,Bar en la piscina,Bar junto a la piscina,Bar en la terraza,Instalaciones para conferencias,Salón de banquetes,Salas de reuniones,Spa,Tratamientos faciales,Masaje,Salón de belleza,Almacenamiento de equipaje,Conserje,Hotel para no fumadores,Servicio de mayordomo,Recepción disponible las 24 horas,Limpieza en seco,Servicio de lavandería,Servicio de planchado,Aire acondicionado,Balcón privado,Servicio a la habitación,Caja fuerte,Instalaciones de habitación VIP,Plancha,Minibar,TV pantalla plana,Vista al mar,Habitaciones para no fumadores,Suites,Habitaciones para familias","Si buscas un hotel de lujo en Cartagena, no te pierdas Estelar Cartagena de Indias Hotel & Convention Center.,Al contar con muchos conocidos puntos de referencia en las inmediaciones, como Santuario de San Pedro Claver (1,3 km) y Plaza de San Pedro Claver (1,3 km), los huéspedes de Estelar Cartagena de Indias Hotel & Convention Center tienen la oportunidad de visitar con facilidad algunas de las atracciones más populares de Cartagena.,Disfrutarás de agradables habitaciones que incluyen minibar y aire acondicionado, y podrás estar conectado durante tu estancia, ya que Estelar Cartagena de Indias Hotel & Convention Center ofrece wifi gratuito a los huéspedes.,El hotel tiene servicio de habitaciones. Además, Estelar Cartagena de Indias Hotel & Convention Center ofrece piscina en la azotea y desayuno incluido para poder relajarte tras un ajetreado día. Hay parking gratis disponible para huéspedes con coche.,Mientras estás aquí, asegúrate de ir a restaurantes de comida china como Sushi Caribe, Restaurante Huakichan y Eat Wok, que se encuentran cerca de Estelar Cartagena de Indias Hotel & Convention Center.,Si te interesa explorar Cartagena, visita un arrecife como Oceanario.,El personal de Estelar Cartagena de Indias Hotel & Convention Center está deseando atenderte durante tu visita.",Estelar Cartagena De Indias Hotel & Centro De Convenciones,"4,5"
"Estacionamiento gratis,Internet de alta velocidad gratuito (WiFi),Gimnasio / Sala de entrenamiento,Piscina,Bar/Salón,Playa,Sala de juegos,Patio de juegos para niños,Estacionamiento vigilado,Wifi,Vestuarios de gimnasio/spa,Sauna,Toallas para la piscina/playa,Piscina para adultos,Piscina al aire libre,Restaurante,Desayuno disponible,Desayuno bufet,Desayuno en la habitación,Happy Hour,Comidas para niños,Comedor al aire libre,Bar de aperitivos,Minigolf,Personal de entretenimiento,Patio,Zona interior de juegos para niños,Actividades infantiles (Ideal para niños / familias),Piscina para niños,Transporte al aeropuerto,Servicio de taxi,Instalaciones para conferencias,Salón de banquetes,Salas de reuniones,Masaje en pareja,Tratamientos faciales,Baño de pies,Masaje de pies,Masaje de cuerpo completo,Hammam,Masaje de manos,Masaje de cabeza,Servicios de maquillaje,Manicura,Masaje,Masaje de cuello,Pedicura,Salón de belleza,Solárium,Sala de vapor,Seguridad las 24 horas,Almacenamiento de equipaje,Capilla/Santuario,Conserje,Cambio de divisas,Hotel para no fumadores,Muebles de exterior,Zona de picnic,Tiendas,Reposeras/Sillas playeras,Terraza solárium,Sombrillas,Cajero automático en el lugar,Servicio de mayordomo,Kit de primeros auxilios,Enfermería,Recepción disponible las 24 horas,Limpieza en seco,Servicio de lavandería,Servicio de planchado,Cortinas blackout,Batas de baño,Aire acondicionado,Escritorio,Servicio de limpieza,Minibar,TV por cable/satélite,Bañera/Ducha,Servicio a la habitación,Caja fuerte,Teléfono,Guardarropa/Ropero,Caja de seguridad para computadora portátil,Baños privados,Servicio de despertador/Reloj despertador,Refrigerador,TV pantalla plana,Productos de tocador de cortesía,Secador de pelo,Vista al mar,Vista a la ciudad,Suite nupcial,Habitaciones para no fumadores,Suites,Habitaciones para familias","Descubre por qué tantos viajeros ven Hotel Caribe By Faranda Grand como el hotel ideal cuando visitan Cartagena. Además de aportar la combinación ideal de calidad, comodidad y ubicación, ofrece un ambiente romántico con una amplia variedad de servicios diseñados para viajeros como tú.,Al contar con muchos conocidos puntos de referencia en las inmediaciones, como Santuario de San Pedro Claver (2,9 km) y Plaza de San Pedro Claver (2,9 km), los huéspedes de Hotel Caribe tienen la oportunidad de visitar con facilidad algunas de las atracciones más populares de Cartagena.,Para que te sientas como en casa, las habitaciones en el hotel incluyen televisor de pantalla plana, minibar y aire acondicionado, y mantenerte conectado es fácil, ya que hay wifi gratuito disponible.,Los huéspedes tienen acceso a conserje y servicio de habitaciones durante su estancia en Caribe Hotel. Además, Hotel Caribe ofrece piscina y bar junto a la piscina, lo que hará tu viaje a Cartagena incluso más gratificante. Y otra ventaja es que hay parking gratis disponible para los huéspedes.,Mientras estés en Cartagena no dejes de probar demandados platos de cangrejo en La Vitrola, Carmen Restaurant Cartagena o La Cevicheria.,Cartagena también se conoce por sus museos de arte, como Museo de Arte Moderno, La Presentación Casa Museo Arte y Cultura y Museo de Arte Moderno, que no se encuentran muy lejos de Hotel Caribe.,Para Hotel Caribe By Faranda Grand tu comodidad y satisfacción son lo primero, y están deseando darte la bienvenida a Cartagena.","Hotel Caribe By Faranda Grand, A Member of Radisson Individuals","4,5"
"Estacionamiento en la calle,Internet de alta velocidad gratuito (WiFi),Piscina,Bar/Salón,Playa,Alquiler de bicicletas,Cadenas de televisión para niños,Zona interior de juegos para niños,Wifi,Toallas para la piscina/playa,Piscina en la terraza,Piscina con vista,Piscina al aire libre,Parte poco profunda de la piscina,Cafetería,Restaurante,Desayuno disponible,Desayuno bufet,Bufé apto para niños,Bar de aperitivos,Menús para dietas especiales,Bar en la piscina,Bar junto a la piscina,Bar en la terraza,Sala de juegos,Personal de entretenimiento,Entretenimiento nocturno,Karaoke,Juegos de mesa/Rompecabezas,Club nocturno/DJ,Consola de videojuegos,Actividades infantiles (Ideal para niños / familias),Club de niños,Transporte al aeropuerto,Servicio de traslado en autobús,Servicio de taxi,Centro de negocios con acceso a Internet,Instalaciones para conferencias,Salón de banquetes,Salas de reuniones,Fotocopiadora/Fax en el centro de negocios,Terraza en la azotea,Almacenamiento de equipaje,Conserje,Tienda de regalos,Hotel para no fumadores,Reposeras/Sillas playeras,Terraza solárium,Servicio de mayordomo,Portero,Enfermería,Check-in las 24 horas,Recepción disponible las 24 horas,Check-in y check-out exprés,Check-in y check-out privado,Secador de ropa,Limpieza en seco,Servicio de lavandería,Servicio de planchado,Servicio de lustrado de zapatos,Cortinas blackout,Batas de baño,Aire acondicionado,Escritorio,Servicio de limpieza,Minibar,TV pantalla plana,Sofá cama,Servicio a la habitación,Caja fuerte,Sofá,Teléfono,Instalaciones de habitación VIP,Guardarropa/Ropero,Botellas de agua,Plancha,Servicio de despertador/Reloj despertador,Refrigerador,Vista al mar,Vista a la ciudad,Habitaciones para no fumadores,Suites,Habitaciones para familias","A sólo 10 minutos del aeropuerto internacional Rafael Núñez y 5 minutos del centro histórico, bordeado por la más encantadora zona de playa, mar y sol de la ciudad de Cartagena. 311 habitaciones Standard, Superiores, Suites y Junior Suites; píscina panorámica en el piso 18 con la mejor vista hacia la ciudad y zona moderna de Bocagrande, además de recreación dirigida para adultos y niños y club infantil “Pelikanos”. Deleite su paladar en nuestro Restaurante Le Place Buffet con la mejor comida nacional e internacional ó disfrute Platos Gourmet en Kazabe Restaurant & Sushi Bar. Además contamos con centro de Negocios con Internet banda ancha, WIFI (GRATIS), Room Service, Cajillas de seguridad, servicio telefónico, lavandería, enfermería, cafetería, Discoteca Rezaka Bar Club, cuarto de equipaje, zona de estacionamiento y pasaje comercial.",Hotel Cartagena Plaza,"4,5"
"Estacionamiento gratis,Internet de alta velocidad gratuito (WiFi),Gimnasio / Sala de entrenamiento,Piscina,Bar/Salón,Playa,Sala de juegos,Patio de juegos para niños,Garaje de estacionamientos,Wifi,Vestuarios de gimnasio/spa,Entrenador personal,Sauna,Bañera de hidromasaje,Toallas para la piscina/playa,Piscina infinita,Piscina en la terraza,Piscina con vista,Piscina para adultos,Piscina al aire libre,Piscina climatizada,Parte poco profunda de la piscina,Cafetería,Restaurante,Desayuno disponible,Desayuno bufet,Desayuno en la habitación,Bebida de bienvenida de cortesía,Comidas para niños,Comedor al aire libre,Bar de aperitivos,Bar en la piscina,Bar junto a la piscina,Bar en la terraza,Minigolf,Cancha de tenis,Ejercicios aeróbicos,Ejercicios aeróbicos fuera del predio,Billar,Personal de entretenimiento,Entretenimiento nocturno,Karaoke,Parque acuático fuera del predio,Tobogán de agua,Juegos de mesa/Rompecabezas,Club nocturno/DJ,Consola de videojuegos,Zona interior de juegos para niños,Actividades infantiles (Ideal para niños / familias),Club de niños,Piscina para niños,Equipo para niños para jugar al aire libre,Sillitas altas disponibles,Transporte al aeropuerto,Servicio de taxi,Centro de negocios con acceso a Internet,Instalaciones para conferencias,Salón de banquetes,Salas de reuniones,Fotocopiadora/Fax en el centro de negocios,Spa,Tratamientos faciales,Hammam,Masaje,Salón de belleza,Solárium,Sala de vapor,Terraza en la azotea,Seguridad las 24 horas,Almacenamiento de equipaje,Conserje,Tienda de regalos,Hotel para no fumadores,Muebles de exterior,Tiendas,Solárium,Reposeras/Sillas playeras,Terraza solárium,Sombrillas,Cajero automático en el lugar,Servicio de mayordomo,Portero,Enfermería,Recepción disponible las 24 horas,Limpieza en seco,Servicio de lavandería,Lavandería de autoservicio,Servicio de planchado,Cortinas blackout,Habitaciones insonorizadas,Aire acondicionado,Playa privada,Escritorio,Minibar,TV pantalla plana,Bañera/Ducha,Batas de baño,Servicio de limpieza,Habitaciones interconectadas disponibles,Balcón privado,Servicio a la habitación,Caja fuerte,Sala de estar,Sofá,Teléfono,Guardarropa/Ropero,Plancha,Caja de seguridad para computadora portátil,Baños privados,Servicio de despertador/Reloj despertador,Refrigerador,Radio,Productos de tocador de cortesía,Secador de pelo,Vista al mar,Vista a la ciudad,Vista a un lugar de interés,Vista a la piscina,Suite nupcial,Habitaciones para no fumadores,Suites,Habitaciones para familias","El Hotel Las Américas Torre del Mar es un complejo de lujo situado frente al mar en la zona norte de Cartagena de Indias en la playa La Boquilla. Ofrece 7 piscinas, los bares Aqua Lounge, Sport e Infinito, un centro de Spa y bienestar, gimnasio y un centro de negocios. Hay tiendas de ropa y café, además de conexión WiFi gratuita en todas las zonas. Las habitaciones del Hotel Las Américas Torre del Mar tienen minibar, TV de pantalla plana y balcón con vista al mar, a la ciudad o la Ciénaga de la Virgen. El restaurante Columbus Al Forno es una zona de comedor gourmet donde se pueden tomar varios platos internacionales. El restaurante gourmet ""ERRE” del reconocido chef Ramón Freixa, galardonado con 2 estrellas Michelin en su restaurante en Madrid, goza de vistas espectaculares al océano en el piso 10 de la torre. Presenta una decoración elegante y es un lugar ideal para comidas de negocios o cenas románticas. El Hotel Las Américas Torre del Mar está a 5 minutos en automóvil del aeropuerto internacional Rafael Núñez y a 10 minutos en automóvil al Centro Histórico de la ciudad. Servicio de recepción 24 horas y aparcamiento privado gratuito.Las habitaciones del Hotel Las Américas Torre del Mar tienen minibar, TV de pantalla plana y balcón con vista al mar, a la ciudad o la Ciénaga de la Virgen. El restaurante Columbus Al Forno es una zona de comedor gourmet donde se pueden tomar varios platos internacionales.,El restaurante gourmet ""ERRE” del reconocido chef Ramón Freixa, galardonado con 2 estrellas Michelin en su restaurante en Madrid, goza de vistas espectaculares al océano en el piso 10 de la torre. Presenta una decoración elegante y es un lugar ideal para comidas de negocios o cenas románticas.,El Hotel Las Américas Torre del Mar está a 5 minutos en automóvil del aeropuerto internacional Rafael Nuñez y a 10 minutos en automóvil al Centro Histórico de la ciudad. Servicio de recepción 24 horas y aparcamiento privado gratuito.",Hotel Las Américas Torre del Mar Cartagena de Indias,"4,5"
"Estacionamiento gratis,Internet de alta velocidad gratuito (WiFi),Gimnasio / Sala de entrenamiento,Piscina,Bar/Salón,Playa,Alquiler de bicicletas,Guardería,Estacionamiento,Clases de yoga,Sala de yoga,Clases de actividad física,Entrenador personal,Sauna,Bañera de hidromasaje,Toallas para la piscina/playa,Juguetes para piscina,Piscina infinita,Piscina con vista,Piscina para adultos,Piscina al aire libre,Restaurante,Desayuno disponible,Desayuno bufet,Desayuno en la habitación,Café instantáneo gratis,Bufé apto para niños,Comidas para niños,Comedor al aire libre,Bar de aperitivos,Menús para dietas especiales,Bar en la piscina,Bar junto a la piscina,Bar en la terraza,Navegación,Buceo,Esnórquel,Patio de juegos para niños,Cadenas de televisión para niños,Actividades infantiles (Ideal para niños / familias),Club de niños,Piscina para niños,Equipo para niños para jugar al aire libre,Sillitas altas disponibles,Transporte al aeropuerto,Servicio de traslado en autobús,Centro de negocios con acceso a Internet,Instalaciones para conferencias,Salón de banquetes,Salas de reuniones,Fotocopiadora/Fax en el centro de negocios,Spa,Masaje en pareja,Tratamientos faciales,Baño de pies,Masaje de pies,Masaje de cuerpo completo,Hammam,Masaje de manos,Masaje de cabeza,Masaje,Servicios de depilación,Seguridad las 24 horas,Almacenamiento de equipaje,Conserje,Tienda de regalos,Hotel para no fumadores,Muebles de exterior,Sala de estar o con TV compartida,Reposeras/Sillas playeras,Terraza solárium,Sombrillas,Servicio de mayordomo,Recepción disponible las 24 horas,Limpieza en seco,Servicio de lavandería,Servicio de planchado,Habitación libre de alérgenos,Cortinas blackout,Aire acondicionado,Playa privada,Máquina de café/té,TV por cable/satélite,Camas extralargas,Productos de tocador de cortesía,Habitaciones insonorizadas,Batas de baño,Escritorio,Servicio de limpieza,Balcón privado,Servicio a la habitación,Caja fuerte,Sala de estar separada,Sofá,Teléfono,Guardarropa/Ropero,Botellas de agua,Estante para la ropa,Plancha,Baños privados,Servicio de despertador/Reloj despertador,Minibar,TV pantalla plana,Secador de pelo,Vista al mar,Habitaciones para no fumadores,Suites,Habitaciones para familias","Sofitel Barú Calablanca Beach Resort ofrece alojamientos inolvidables en Barú, Cartagena, rodeado por las aguas cristalinas del mar Caribe colombiano. Nuestras habitaciones ofrecen vistas al mar Caribe y brindan un espacio amplio y confortable. La experiencia en Calablanca es increíble, con lo mejor de la cocina tradicional colombiana y mediterránea, así como platos internacionales. Disfruta de deliciosas bebidas en Bar La Pergola, en la azotea o en uno de los tres bares junto a la piscina. Además, Sofitel Barú Calablanca Beach Resort cuenta con un spa, gimnasio, actividades acuáticas y náuticas, experiencias gastronómicas semanales, experiencias turísticas y un espacio para niños.",Sofitel Barú Calablanca,"5,0"
"Internet de alta velocidad gratuito (WiFi),Piscina,Desayuno gratis,Cadenas de televisión para niños,Alquiler de autos,Instalaciones para conferencias,Almacenamiento de equipaje,Conserje,Wifi,Toallas para la piscina/playa,Piscina al aire libre,Bar/Salón,Restaurante,Desayuno disponible,Desayuno bufet,Desayuno en la habitación,Bar junto a la piscina,Cambio de divisas,Tienda de regalos,Terraza solárium,Recepción disponible las 24 horas,Servicio de lavandería,Servicio de planchado,Aire acondicionado,Servicio de limpieza,Servicio a la habitación,Caja fuerte,Teléfono,TV pantalla plana,Bañera/Ducha,Habitaciones para no fumadores,Habitaciones para familias","Hotel Blue concept cuenta con una privilegiada ubicacion cerca de la playa, a sólo 5 minutos del centro historico de cartagena y centros de convenciones de la ciudad. Contamos con 40 habitaciones totalmente nuevas y modernas.",Hotel Blue Concept,"4,0"
"Internet gratuito,Piscina,Desayuno gratis,Servicio de taxi,Centro de negocios con acceso a Internet,Salas de reuniones,Masaje,Terraza en la azotea,Wifi,Toallas para la piscina/playa,Piscina infinita,Piscina en la terraza,Piscina con vista,Piscina al aire libre,Bar/Salón,Restaurante,Desayuno bufet,Bar junto a la piscina,Bar en la terraza,Solárium,Seguridad las 24 horas,Almacenamiento de equipaje,Conserje,Hotel para no fumadores,Reposeras/Sillas playeras,Terraza solárium,Sombrillas,Portero,Recepción disponible las 24 horas,Servicio de lavandería,Servicio de planchado,Aire acondicionado,Servicio de limpieza,Servicio a la habitación,Caja fuerte,Teléfono,Minibar,Refrigerador,TV pantalla plana,Suite nupcial,Habitaciones para no fumadores,Suites","Bienvenido al GHL Arsenal Hotel Cartagena, un oasis de lujo con vistas a la majestuosa bahía de Cartagena en el mar Caribe! Estratégicamente ubicado cerca de la histórica iglesia de San Pedro Claver del siglo XVI y del Castillo San Felipe de Barajas, nuestro hotel refinado es la elección perfecta para los viajeros que buscan una experiencia única. Nuestras habitaciones están diseñadas para ofrecer el máximo confort, equipadas con comodidades modernas que incluyen Wi-Fi gratuito, smart TV, frigobar, tetera y cafetera, algunas habitaciones ofrecen vistas panorámicas al mar. Las suites mejoradas cuentan con sala de estar. Además, nuestro servicio a la habitación está disponible para satisfacer todas tus necesidades. Disfruta de nuestro distinguido restobar de vinos y una terraza en la azotea con una piscina infinita que ofrece vistas impresionantes, acompañada de un bar con un ambiente amigable y relajado. Para aquellos que desean mantenerse en forma, contamos con un moderno gimnasio",Arsenal Hotel,"4,5"
"Estacionamiento gratis,Internet de alta velocidad gratuito (WiFi),Gimnasio / Sala de entrenamiento,Piscina,Bar/Salón,Playa,Alquileres de equipos para deportes acuáticos,Actividades infantiles (Ideal para niños / familias),Garaje de estacionamientos,Wifi,Bañera de hidromasaje,Toallas para la piscina/playa,Piscina infinita,Piscina en la terraza,Piscina con vista,Piscina para adultos,Piscina al aire libre,Restaurante,Desayuno disponible,Desayuno bufet,Desayuno en la habitación,Bebida de bienvenida de cortesía,Comidas para niños,Comedor al aire libre,Bar de aperitivos,Vino/Champagne,Máquina expendedora,Bar en la piscina,Bar junto a la piscina,Bar en la terraza,Club de niños,Piscina para niños,Sillitas altas disponibles,Transporte al aeropuerto,Servicio de taxi,Centro de negocios con acceso a Internet,Instalaciones para conferencias,Salón de banquetes,Salas de reuniones,Spa,Envoltura corporal,Masaje en pareja,Tratamientos faciales,Baño de pies,Masaje de pies,Masaje de cuerpo completo,Servicios de maquillaje,Manicura,Masaje,Pedicura,Salón de belleza,Solárium,Servicios de depilación,Terraza en la azotea,Seguridad las 24 horas,Almacenamiento de equipaje,Conserje,Hotel para no fumadores,Muebles de exterior,Tiendas,Solárium,Terraza solárium,Sombrillas,Cajero automático en el lugar,Portero,Kit de primeros auxilios,Enfermería,Recepción disponible las 24 horas,Limpieza en seco,Servicio de lavandería,Servicio de planchado,Habitación libre de alérgenos,Cortinas blackout,Aire acondicionado,Escritorio,Minibar,TV por cable/satélite,Sofá cama,Ducha a ras de suelo,Purificador de aire,Servicio de limpieza,Habitaciones interconectadas disponibles,Balcón privado,Servicio a la habitación,Caja fuerte,Sala de estar,Sala de estar separada,Sofá,Teléfono,Guardarropa/Ropero,Botellas de agua,Servicio de despertador/Reloj despertador,Refrigerador,TV pantalla plana,Radio,Base de conexión para el iPod,Productos de tocador de cortesía,Secador de pelo,Vista al mar,Vista a la piscina,Habitaciones para no fumadores,Suites,Habitaciones para familias","Viva una emocionante escapada tropical en el Radisson Cartagena Ocean Pavillion Hotel, ubicado en la hermosa playa La Boquilla. Nade o bucee en el mar Caribe durante el día y por la noche explore la histórica ciudad amurallada del casco antiguo de Cartagena, que está a solo 15 minutos en automóvil del hotel. Si está buscando animar sus vacaciones, visite la Calle del Arsenal para encontrar bares y clubes nocturnos. Cuando se disponga a volver a casa, nuestro conserje puede reservarle un taxi para ir al Aeropuerto Internacional Rafael Núñez (CTG).",Radisson Cartagena Ocean Pavillion Hotel,"4,5"
"Internet de alta velocidad gratuito (WiFi),Wifi,Desayuno gratis,Bar/Salón,Juegos de mesa/Rompecabezas,Solo para adultos,Cocina compartida,Servicio de lavandería,Aire acondicionado",,Santuario Getsemaní Hostel,"4,5"
"Estacionamiento privado pagado cercano,Internet de alta velocidad gratuito (WiFi),Gimnasio / Sala de entrenamiento,Piscina,Desayuno gratis,Centro de negocios con acceso a Internet,Salas de reuniones,Terraza en la azotea,Wifi,Toallas para la piscina/playa,Piscina en la terraza,Piscina al aire libre,Bar/Salón,Desayuno disponible,Desayuno bufet,Almacenamiento de equipaje,Conserje,Hotel para no fumadores,Portero,Recepción disponible las 24 horas,Limpieza en seco,Servicio de lavandería,Aire acondicionado,Escritorio,Caja fuerte,Teléfono,Plancha,TV pantalla plana,Bañera/Ducha,Habitaciones para no fumadores,Habitaciones para familias","Bienvenido a Hampton by Hilton Cartagena, tu segundo hogar en Cartagena. Hampton by Hilton Cartagena tiene como objetivo conseguir que tu visita sea lo más relajante y agradable posible, razón por la que tantos huéspedes siguen volviendo año tras año.,Para aquellos que estén interesados en visitar puntos de referencia conocidos durante su viaje a Cartagena, Hampton by Hilton Cartagena se encuentra cerca de Santuario de San Pedro Claver (2,0 km) y Plaza de San Pedro Claver (2,0 km).,Hampton by Hilton Cartagena es un hotel de moda con televisor de pantalla plana, aire acondicionado y mesa de escritorio en las habitaciones, y es fácil permanecer conectado durante la estancia, ya que ofrece wifi gratuito para los huéspedes.,El hotel tiene recepción abierta 24 horas, terraza en la azotea y conserje. Además, los huéspedes pueden disfrutar de piscina en la azotea y desayuno incluido, lo que lo ha convertido en una opción popular entre los viajeros que visitan Cartagena.,Los viajeros que quieran gambas pueden acudir a La Vitrola, La Mulata o Café Del Mar Cartagena. Si no, puedes dirigirte a un restaurante de comida china como Sushi Caribe o Restaurante Huakichan.,Si buscas cosas que hacer, considera Plaza Santo Domingo (0,9 km), que es una atracción popular entre los turistas a la que puedes llegar andando.,Hampton by Hilton Cartagena te acerca a lo mejor de Cartagena, tratando de que disfrutes de una estancia relajante y agradable.",Hampton by Hilton Cartagena,"4,0"
Actividades infantiles (Ideal para niños / familias),,Camping Liemens,"4,5"
"Internet de alta velocidad gratuito (WiFi),Wifi,Restaurante,Se admiten mascotas (Se aceptan perros / mascotas),Kitchenette",,Hotel El Castillo Utica,"5,0"
"Estacionamiento con servicio de valet,Wifi,Bar/Salón,Transporte al aeropuerto,Centro de negocios con acceso a Internet,Instalaciones para conferencias,Seguridad las 24 horas,Almacenamiento de equipaje,Estacionamiento privado pagado en el predio,Restaurante,Desayuno disponible,Desayuno bufet,Máquina expendedora,Servicio de traslado en autobús,Servicio de taxi,Salón de banquetes,Salas de reuniones,Conserje,Minimercado,Hotel para no fumadores,Cajero automático en el lugar,Recepción disponible las 24 horas,Check-in y check-out exprés,Limpieza en seco,Servicio de lavandería,Servicio de planchado,Aire acondicionado,Servicio de limpieza,Servicio a la habitación,Plancha,Servicio de despertador/Reloj despertador,TV pantalla plana,Películas a pedido,Habitaciones para no fumadores,Suites,Habitaciones para familias","La búsqueda del hotel para familias ideal en Los Ángeles no tiene por qué ser difícil. Bienvenido a Crowne Plaza Los Angeles International Airport, una fantástica opción para viajeros como tú.,Las habitaciones de Crowne Plaza Lax ofrecen televisor de pantalla plana y aire acondicionado, y los huéspedes pueden estar conectados con wifi gratuito.,Además, durante la estancia en Crowne Plaza Los Angeles International Airport Hotel los huéspedes tienen acceso a conserje y servicio de habitaciones. También puedes disfrutar de piscina y desayuno. ¿Necesitas un sitio donde aparcar? Hay aparcamiento disponible en Crowne Plaza Lax.,Al estar cerca de los puntos de referencia más conocidos de Los Ángeles, como LAX Theme Building (1,3 km) y Otis College of Art and Design Gallery (2,8 km), Crowne Plaza Los Angeles International Airport Hotel es un magnífico destino para turistas.,Si estás buscando un sitio donde comer cerca, desde Crowne Plaza Los Angeles International Airport Hotel puedes llegar andando a varios restaurantes conocidos como Aliki's Greek Taverna (0,8 km), JW's Steakhouse (0,4 km) y Truxton's American Bistro (1,5 km).,Si tienes tiempo, La Brea Tar Pits and Museum, Los Angeles Museum of the Holocaust y Museum of Tolerance son museos de historia populares a los que es relativamente fácil llegar.,Crowne Plaza Los Angeles International Airport te acerca lo mejor de Los Ángeles, haciendo que tu estancia sea agradable y relajante.",Sonesta Los Angeles Airport Lax,"4,0"
"Estacionamiento gratis,Piscina,Desayuno disponible,Excursionismo,Juegos de mesa/Rompecabezas,Libros, DVD, música para niños,Actividades infantiles (Ideal para niños / familias),Se admiten mascotas (Se aceptan perros / mascotas),Toallas para la piscina/playa,Piscina al aire libre,Piscina para niños,Instalaciones para conferencias,Muebles de exterior,Zona de picnic,Sala de estar o con TV compartida,Reposeras/Sillas playeras,Terraza solárium,Sala de estar,Bañera/Ducha,Habitaciones para familias",,Finca Aguas Claras,"3,5"
"Bar/Salón,Playa",,Jurere Internacional,"4,0"
"Estacionamiento gratis,Internet de alta velocidad gratuito (WiFi),Gimnasio / Sala de entrenamiento,Piscina,Bar/Salón,Bolos,Sala de juegos,Zona interior de juegos para niños,Estacionamiento,Wifi,Vestuarios de gimnasio/spa,Bañera de hidromasaje,Río lento,Piscina para adultos,Piscina cubierta,Piscina al aire libre,Piscina climatizada,Restaurante,Desayuno disponible,Desayuno bufet,Bar en la piscina,Bar junto a la piscina,Parque acuático,Actividades infantiles (Ideal para niños / familias),Club de niños,Equipo para niños para jugar al aire libre,Servicio de traslado en autobús,Centro de negocios con acceso a Internet,Instalaciones para conferencias,Salón de banquetes,Salas de reuniones,Spa,Tratamientos faciales,Masaje,Conserje,Minimercado,Tienda de regalos,Hotel para no fumadores,Tiendas,Cajero automático en el lugar,Check-in las 24 horas,Recepción disponible las 24 horas,Servicio de lavandería,Lavandería de autoservicio,Aire acondicionado,Baño adicional,Servicio de limpieza,Balcón privado,Servicio a la habitación,Kitchenette,Microondas,TV pantalla plana,Caja fuerte,Plancha,Servicio de despertador/Reloj despertador,Refrigerador,Habitaciones para no fumadores,Suites,Habitaciones para familias","Kalahari Resorts & Conventions es una magnífica elección para viajeros que vayan a Wisconsin Dells, ya que ofrece un ambiente para familias además de numerosos servicios diseñados para mejorar su estancia.,Kalahari Resort Wisconsin Dells ofrece una gran variedad de servicios en la habitación, como televisor de pantalla plana, cocinita y aire acondicionado, y puedes permanecer conectado, ya que hay wifi gratuito disponible.,El complejo turístico ofrece servicio de habitaciones y conserje, para que tu estancia sea incluso más agradable. El establecimiento también cuenta con piscina y desayuno. Los huéspedes que lleguen en coche tienen acceso a parking gratis.,Big Chief Go Karts (4,7 km), que se encuentra cerca, hace de Kalahari Resorts & Conventions un magnífico sitio donde alojarse para aquellos interesados en visitar este conocido punto de referencia de Wisconsin Dells.,Aquellos que se alojen en Kalahari Waterpark Hotel encontrarán fantásticos restaurantes a tan solo un paseo desde complejo turístico, como Buffalo Phil's Pizza & Grille (1,1 km), Bobbers Island Grill (1,5 km) y Double Cut Charcoal Grill & Liquor Bar (0,1 km).,Lo mejor de todo es que Kalahari Waterpark Hotel es una fantástica base desde la que conocer numerosas atracciones de Wisconsin Dells, como Rocky Arbor State Park, que es un parque estatal popular.,¡Disfruta de tu estancia en Wisconsin Dells!",Kalahari Resorts & Conventions - Wisconsin Dells,"4,0"
"Estacionamiento gratis,Internet de alta velocidad gratuito (WiFi),Desayuno gratis,Patio,Centro de negocios con acceso a Internet,Instalaciones para conferencias,Almacenamiento de equipaje,Conserje,Wifi,Restaurante,Café instantáneo gratis,Vino/Champagne,Salón de banquetes,Salas de reuniones,Periódico,Sala de estar o con TV compartida,Solárium,Check-in las 24 horas,Recepción disponible las 24 horas,Servicio de lavandería,Servicio de planchado,Cortinas blackout,Habitaciones insonorizadas,Escritorio,Servicio de limpieza,Caja fuerte,Teléfono,TV por cable/satélite,Bañera con hidromasaje,Guardarropa/Ropero,Botellas de agua,Plancha,Baños privados,Servicio de despertador/Reloj despertador,TV pantalla plana,Bañera/Ducha,Productos de tocador de cortesía,Vista a la montaña,Vista a un lugar de interés,Suite nupcial,Habitaciones para no fumadores,Habitaciones para familias","Un lugar lleno de cultura en donde transformamos la rutina en >I sonrisas, relatos, curiosidad, atención y tranquilidad I<",Hotel Cacique Real,"4,5"
"Internet de alta velocidad gratuito (WiFi),Wifi,Hotel para no fumadores,Recepción disponible las 24 horas,TV pantalla plana,Bañera/Ducha,Productos de tocador de cortesía,Secador de pelo,Vista a la ciudad,Habitaciones para no fumadores",,Hostal Salome,"4,5"
"Bar/Salón,Actividades infantiles (Ideal para niños / familias),Almacenamiento de equipaje,Servicio de lavandería",DESAYUNO BUFFET - HOTEL 3 ESTRELLAS - CENTRICO - PILETA - QUINCHO - PARRILLA -ESTACIONAMIENTO,Hotel Tortorici,"4,0"
"Estacionamiento gratis,Internet,Gimnasio / Sala de entrenamiento,Piscina,Bar/Salón,Playa,Cancha de tenis,Actividades infantiles (Ideal para niños / familias),Estacionamiento con servicio de valet,Clases de yoga,Vestuarios de gimnasio/spa,Clases de actividad física,Entrenador personal,Sauna,Bañera de hidromasaje,Toallas para la piscina/playa,Piscina infinita,Piscina con vista,Piscina para adultos,Piscina al aire libre,Piscina climatizada,Parte poco profunda de la piscina,Cafetería,Restaurante,Desayuno disponible,Desayuno bufet,Desayuno en la habitación,Comedor al aire libre,Bar de aperitivos,Bar en la piscina,Bar junto a la piscina,Ejercicios aeróbicos,Personal de entretenimiento,Tenis de mesa,Juegos de mesa/Rompecabezas,Transporte al aeropuerto,Servicio de traslado en autobús,Alquiler de autos,Servicio de taxi,Instalaciones para conferencias,Salón de banquetes,Salas de reuniones,Spa,Envoltura corporal,Masaje en pareja,Tratamientos faciales,Masaje de pies,Masaje de cuerpo completo,Masaje de cabeza,Servicios de maquillaje,Manicura,Masaje,Pedicura,Salón de belleza,Sala de vapor,Seguridad las 24 horas,Almacenamiento de equipaje,Conserje,Minimercado,Cambio de divisas,Tienda de regalos,Muebles de exterior,Tiendas,Reposeras/Sillas playeras,Terraza solárium,Sombrillas,Cajero automático en el lugar,Check-in las 24 horas,Recepción disponible las 24 horas,Limpieza en seco,Servicio de lavandería,Servicio de planchado,Aire acondicionado,Playa privada,Baño adicional,Servicio de limpieza,Kitchenette,Microondas,TV pantalla plana,Productos de tocador de cortesía,Habitaciones interconectadas disponibles,Balcón privado,Servicio a la habitación,Caja fuerte,Sala de estar,Teléfono,Instalaciones de habitación VIP,Plancha,Servicio de despertador/Reloj despertador,Refrigerador,Secador de pelo,Vista al mar,Habitaciones para no fumadores,Suites,Habitaciones para familias","Pueblo Bonito Emerald Bay Resort & Spa es una magnífica elección para los viajeros que visiten Mazatlán, ya que ofrece un ambiente de lujo, además de numerosos servicios diseñados para mejorar tu estancia.,Las habitaciones de Pueblo Bonito Emerald Bay Mazatlan ofrecen televisor de pantalla plana, frigorífico y aire acondicionado, y los huéspedes pueden estar conectados con internet.,Además, durante la estancia en Mazatlan Emerald Bay los huéspedes tienen acceso a servicio de habitaciones y conserje. También puedes disfrutar de piscina y desayuno. ¿Necesitas un sitio donde aparcar? Hay parking gratis disponible en Emerald Bay Mazatlan.,En Mazatlán hay numerosos sitios donde sirven langosta. Así que cuando estés aquí, no te pierdas sitios como Mr. Lionso Playa Bruja, The Last Drop y La Fonda at Villas El Rancho.,¡Disfruta de tu estancia en Mazatlán!",Pueblo Bonito Emerald Bay Resort & Spa,"4,5"
,,Punta Huina,
Actividades infantiles (Ideal para niños / familias),,Hotel Rio Guapi,"4,0"
"Estacionamiento gratis,Internet gratuito,Gimnasio / Sala de entrenamiento,Piscina,Bar/Salón,Playa,Cancha de tenis,Guardería,Estacionamiento,Wifi,Bañera de hidromasaje,Piscina al aire libre,Restaurante,Desayuno bufet,Bar junto a la piscina,Actividades infantiles (Ideal para niños / familias),Club de niños,Servicio de traslado en autobús,Centro de negocios con acceso a Internet,Salas de reuniones,Conserje,Hotel para no fumadores,Limpieza en seco,Servicio de lavandería,Aire acondicionado,Playa privada,Caja fuerte,Teléfono,Kitchenette,TV pantalla plana,Bañera/Ducha,Secador de pelo,Habitaciones para no fumadores,Suites,Habitaciones para familias",,Club Maeva Miramar Tampico,"3,5"
"Estacionamiento público pagado cercano,Internet de alta velocidad gratuito (WiFi),Desayuno gratis,Guardería,Transporte al aeropuerto,Masaje,Terraza en la azotea,Almacenamiento de equipaje,Wifi,Restaurante,Desayuno en la habitación,Servicio de traslado en autobús,Alquiler de autos,Solárium,Conserje,Hotel para no fumadores,Terraza solárium,Recepción disponible las 24 horas,Limpieza en seco,Servicio de lavandería,Lavandería de autoservicio,Servicio de planchado,Aire acondicionado,Escritorio,Caja fuerte,Botellas de agua,Servicio de despertador/Reloj despertador,Bañera/Ducha,Productos de tocador de cortesía,Secador de pelo,Habitaciones para no fumadores,Habitaciones para familias","La búsqueda del b&b romántico ideal en Marrakech no tiene por qué ser complicada. Bienvenido a Riad Shaloma, una fantástica opción para viajeros como tú.,Al contar con muchos conocidos puntos de referencia en las inmediaciones, como Mellah (0,3 km) y Palacio El Badi (0,4 km), los huéspedes de Riad Shaloma tienen la oportunidad de visitar con facilidad algunas de las atracciones más populares de Marrakech.,Las habitaciones de los huéspedes ofrecen servicios como aire acondicionado y mesa de escritorio, y los huéspedes pueden permanecer conectados con wifi gratuito que ofrece el b&b.,Riad Shaloma tiene recepción abierta 24 horas, terraza en la azotea y conserje para que la estancia sea más agradable. El establecimiento también cuenta con desayuno incluido. Si vas a en coche a Riad Shaloma, hay aparcamiento disponible.,Durante tu visita, no dejes de ir a uno de los restaurantes de dim sum chinos conocidos de Marrakech como Bo & Zin, Buddha-Bar Marrakech y Ling Ling Marrakech, que se encuentran cerca de Riad Shaloma.,Si buscas cosas que hacer, considera Jemaa el-Fnaa (1,2 km), Palacio De La Bahía (0,5 km) o Madraza de Ben Youssef (2,0 km), que son atracciones populares entre los turistas a las que puedes llegar andando.,Riad Shaloma está deseando darte la bienvenida cuando visites Marrakech.",Riad Shaloma,"4,5"
"Estacionamiento en la calle,Internet gratuito,Desayuno gratis,Sala de juegos,Karaoke,Libros, DVD, música para niños,Seguridad las 24 horas,Instalaciones para hacer parrillas,Wifi,Bar/Salón,Tenis de mesa,Tours a pie,Muebles de exterior,Cocina compartida,Sala de estar o con TV compartida,Check-in las 24 horas,Servicio de lavandería,Microondas,Horno,Refrigerador,Cocina,Utensilios de cocina",,Caña Dulce Hostal,
"Estacionamiento gratis,Internet de alta velocidad gratuito (WiFi),Desayuno gratis,Servicio de taxi,Centro de negocios con acceso a Internet,Salas de reuniones,Conserje,Hotel para no fumadores,Garaje de estacionamientos,Wifi,Bar/Salón,Cafetería,Check-in las 24 horas,Servicio de lavandería,Cortinas blackout,Aire acondicionado,Servicio de limpieza,Servicio a la habitación,Comedor separado,TV por cable/satélite,TV pantalla plana,Bañera/Ducha,Teléfono,Guardarropa/Ropero,Servicio de despertador/Reloj despertador,Habitaciones para no fumadores,Habitaciones para familias","Es de mi propiedad un pequeño Hotel cargado de Historia, ya que cumpliremos 95 años el próximo 12 de octubre ( dos estrellas) situado en la ciudad de Cardona, Dpto. de Soriano, Uruguay. Su ubicación es estratégica porque esta en el cruce de carreteras, sustancialmente para los viajeros que vienen desde Argentina hacia el Este uruguayo",Hotel Elizondo,"3,5"
,,Namaste Bávaro Beach,"5,0"
"Estacionamiento gratis,Internet gratuito,Piscina,Desayuno gratis,Alquiler de bicicletas,Bicicletas disponibles,Libros, DVD, música para niños,Patio de juegos para niños,Wifi,Bañera de hidromasaje,Río lento,Piscina al aire libre,Bar/Salón,Cafetería,Restaurante,Café instantáneo gratis,Happy Hour,Comidas para niños,Comedor al aire libre,Vino/Champagne,Bar junto a la piscina,Sala de juegos,Excursionismo,Tours en bicicleta,Billar,Patio,Tenis de mesa,Tours a pie,Juegos de mesa/Rompecabezas,Actividades infantiles (Ideal para niños / familias),Se admiten mascotas (Se aceptan perros / mascotas),Transporte al aeropuerto,Servicio de taxi,Masaje en pareja,Tratamientos faciales,Masaje de pies,Masaje de cuerpo completo,Masaje de cabeza,Masaje,Masaje de cuello,Baño al aire libre,Seguridad las 24 horas,Tienda de regalos,Red para mosquitos,Muebles de exterior,Reposeras/Sillas playeras,Sombrillas,Servicio de lavandería,Aire acondicionado,Servicio de limpieza,Servicio a la habitación,Vista a la montaña,Habitaciones para no fumadores,Suites,Habitaciones para familias,Habitaciones para fumadores disponibles",hostal y glamping a la orilla del rio. nuevo y muy comodo armoniza la elegancia y la naturaleza. ideal para toda clase de turismo tanto familiar como aventureros.,Chunuu Hostal y Glamping MINCA,"4,5"
"Internet de alta velocidad gratuito (WiFi),Gimnasio / Sala de entrenamiento,Piscina,Desayuno gratis,Playa,Bicicletas disponibles,Guardería,Zona interior de juegos para niños,Wifi,Clases de yoga,Vestuarios de gimnasio/spa,Clases de actividad física,Entrenador personal,Sauna,Toallas para la piscina/playa,Juguetes para piscina,Piscina infinita,Piscina con vista,Piscina al aire libre,Piscina climatizada,Piscina privada,Piscina de agua salada,Bar/Salón,Restaurante,Desayuno disponible,Desayuno bufet,Desayuno en la habitación,Café instantáneo gratis,Bebida de bienvenida de cortesía,Comidas para niños,Comedor al aire libre,Menús para dietas especiales,Vino/Champagne,Bar en la piscina,Bar junto a la piscina,Navegación,Canotaje,Buceo,Esnórquel,Cancha de tenis,Alquileres de equipos para deportes acuáticos,Windsurf,Personal de entretenimiento,Entretenimiento nocturno,Pesca,Tenis de mesa,Actividades infantiles (Ideal para niños / familias),Club de niños,Sillitas altas disponibles,Transporte al aeropuerto,Centro de negocios con acceso a Internet,Salas de reuniones,Spa,Envoltura corporal,Masaje en pareja,Tratamientos faciales,Masaje de pies,Masaje de cuerpo completo,Masaje de cabeza,Servicios de maquillaje,Manicura,Masaje,Baño al aire libre,Pedicura,Salón de belleza,Sala de vapor,Servicios de depilación,Seguridad las 24 horas,Almacenamiento de equipaje,Conserje,Cambio de divisas,Tienda de regalos,Periódico,Tiendas,Solárium,Reposeras/Sillas playeras,Terraza solárium,Sombrillas,Servicio de mayordomo,Enfermería,Paraguas,Recepción disponible las 24 horas,Check-in y check-out privado,Limpieza en seco,Servicio de lavandería,Servicio de planchado,Habitación libre de alérgenos,Batas de baño,Aire acondicionado,Baño adicional,Escritorio,Minibar,TV pantalla plana,Bidé,Servicio de limpieza,Balcón privado,Servicio a la habitación,Caja fuerte,Sala de estar,Sofá,Teléfono,Instalaciones de habitación VIP,Guardarropa/Ropero,Botellas de agua,Estante para la ropa,Baños privados,Servicio de despertador/Reloj despertador,Películas a pedido,Ducha a ras de suelo,Bañera/Ducha,Productos de tocador de cortesía,Secador de pelo,Vista al mar,Suite nupcial,Habitaciones para no fumadores,Suites,Habitaciones para familias",,Four Seasons Resort Maldives At Landaa Giraavaru,"5,0"
"Bar/Salón,Restaurante,Alquiler de bicicletas,Actividades infantiles (Ideal para niños / familias)",,Posada Icaro,"4,5"
