description,id,quote,url
"
                I've been trying to deploy a react app on github pages but it keeps rendering a blank page.
Github repo : https://github.com/GilbertKrantz/UniPal
I've tried a few different things (changing https to ...
            ",[1],Vite React with routing app displaying blank page on github pages,/questions/78853517/vite-react-with-routing-app-displaying-blank-page-on-github-pages
"
                I have the need to create an API end point with variable number of params.
The api end point Is /api/endpoint.
After that params will take the form of:
/api/endpoint/rndp1/10/rndp2/12 or /api/endpoint/...
            ",[1],Dynamic routing with GO and FIBER,/questions/78853515/dynamic-routing-with-go-and-fiber
"
                I’ve built a query and done some calculations in new columns. Now, I only want to see a subset of that query in my final results. Is this where I would use a union? Apologies if this is not the ...
            ",[1],Built a SQL query with some calculations in new columns. Now I want to query off those results. Possible?,/questions/78853514/built-a-sql-query-with-some-calculations-in-new-columns-now-i-want-to-query-off
"
                When I added elements to a js array by hand, they appear and can be used normally.  If I add them in the Done handler of an ajax request, I can see them in the Chrome debug tools but they are not ...
            ",[1],Javascript array elements not available when added in a request.done handler,/questions/78853513/javascript-array-elements-not-available-when-added-in-a-request-done-handler
"
                I have created a modal component
I have created a modal component in React:
const ModalDialog: React.FC = ({ isOpen, onClose }) => {
if (!isOpen) return null;
return (
<>
<div
className={...
            ",[1],Bootstrap modal does not open smoothly in react,/questions/78853512/bootstrap-modal-does-not-open-smoothly-in-react
"
                So we have Version field in Target's Build Settings, which I increment when making Test Flight builds, or sending builds to the Store.. But, there is a Marketing Version in Project's settings.. How ...
            ",[1],Difference between version number and marketing version in Xcode project,/questions/78853511/difference-between-version-number-and-marketing-version-in-xcode-project
"
                When i configure my embedded Tomcat server with the default settings:
server.tomcat.threads.max=200

And start sending 400 HTTP calls simultaneously with JMeter, I see logs with worker threads > ...
            ",[1],More Tomcat worker threads than configured,/questions/78853510/more-tomcat-worker-threads-than-configured
"
                following setup:

rds-proxy RP and password in secret S encrypted by KMS key K
IAM-Role IPR which is used by RP to access the Secret S and key K

now I would like to restrict sts:AssumeRole on IPR to ...
            ",[1],restrict sts:AssumeRole to iam user accessing rds-secret to my accounts rds proxy,/questions/78853506/restrict-stsassumerole-to-iam-user-accessing-rds-secret-to-my-accounts-rds-prox
"
                I am trying to write a Python program using a client-server model that supports uploading a file from client to server by fragmenting the file and for each fragment, create a thread to send it.
I try ...
            ",[1],Problem with: [WinError 10048] Only one usage of each socket address (protocol/network address/port) is normally permitted,/questions/78853502/problem-with-winerror-10048-only-one-usage-of-each-socket-address-protocol-n
"
                Here i have a list view defined in a content template and the item source is bound to Drives Dictionary
the Key is the drive label and value is the drive letter so i am trying to pass the value to the ...
            ",[1],Binding ListView Item to Interaction Command Parameter,/questions/78853501/binding-listview-item-to-interaction-command-parameter
"
                I’m facing issue in the format of the HL7message received. I have configured , formatted the segments and gave the template in the outbound. I am able to receive the encoded message but I am receiving ...
            ",[1],Issue faced on the format of the received HL7message.I am receiving the HL7 message with MSH and EVN segments in a single line,/questions/78853499/issue-faced-on-the-format-of-the-received-hl7message-i-am-receiving-the-hl7-mess
"
                I'm a complete html/css/js newbie and I've been using the demo here https://github.com/altert/OpenSeadragonCanvasOverlay/ as a base for trying out OpenSeadragon. I'm trying to see and manage the scale ...
            ",[1],Accessing/Setting Scale factors in OpenSeadragon,/questions/78853496/accessing-setting-scale-factors-in-openseadragon
"
                I'm planning to develop a complete LDAP application using .NET Core, which includes features like LDAP authentication, group retrieval, group creation, and user search. Could you recommend any reading ...
            ",[1],Any free LDAP server with data available,/questions/78853495/any-free-ldap-server-with-data-available
"
                I have a Vue component that allows the user to upload a CSV file, preview the results, and then confirm the changes that will be done in the system.
Sometimes the browser gives me the error: ""...
            ",[1],How to cache a file in order to upload it and avoid the ERR_UPLOAD_FILE_CHANGED error?,/questions/78853493/how-to-cache-a-file-in-order-to-upload-it-and-avoid-the-err-upload-file-changed
"
                I want to change the default flutter (dart) date picker date format. The default format of date picker is
""YYYY-MM-DD"". But I want to change to ""DD/MM/YYYY"".
That is, e.g. from ...
            ",[1],How to change Date Picker format default date in Flutter,/questions/78853492/how-to-change-date-picker-format-default-date-in-flutter
