description,price,title
"Canguilera Industrial 110v-150 Onzas 52 Cm X 42 Cm X 68 Cm,ANDINA DISTRIBUIDORA,CARACTERISTICAS,- MODELO OT-804,- Capacidad 150 onzas de maíz.,- Acabado en acero inoxidable.,- Cristales totalmente reforzados.,- Sistema de alta eficiencia de calentamiento mediante luz infrarroja.,- Charola con diseño de cajón para fácil limpieza.,- Funcionamiento: 1.3 kw Eléctrico 110 volts 60 Hz.,* Medidas:,- Frente: 52 CM,- Fondo: 42 CM,- Alto: 68 CM,Una vez que la unidad comienza a cocinar, las palomitas de maíz terminadas caen a la plataforma de calentamiento de la máquina para hacer palomitas, donde se mantienen frescas hasta que esté listo para servir.,Es una excelente adición a ferias, eventos, cumpleaños, emprendimiento, negocios y todo tipo de reuniones familiares, sociales de trabajo, etc.,Toma solo 3-4 minutos para precalentar,Hervidor y estructura de acero inoxidable duraderos,Llamativo top rojo con recubrimiento de polvo,Paneles de plástico transparente y una luz más cálida que ilumina para una visibilidad máxima,Operación de 3 interruptores,Usar este equipo es tan simple que solo se necesitan tres interruptores. Uno es para la luz de merchandising, otro controla el volteador y el tercero inicia el estallido.,8 oz. Hervidor de acero inoxidable,El hervidor se precalienta en solo unos minutos para una producción rápida. A medida que la tetera se llena, las palomitas de maíz caen al área de calentamiento, listas para servir.,Construcción duradera,La parte superior / inferior interior, el hervidor, la bandeja para migas y el marco están hechos de acero inoxidable.,Bandeja para migas extraíble,La bandeja para migas extraíble de este modelo facilita la extracción de los granos caídos y mantiene la máquina limpia.,EXCELENTE CALIDAD,ENTREGA INMEDIATA,PRODUCTO 100% NUEVO",350,Canguilera Industrial 110v-150 Onzas 52 Cm X 42 Cm X 68 Cm
"Wafflera Circular Giratoria Hamilton Beach 26010,ANDINA DISTRIBUIDORA,• Diseño Giratorio - Control de intensidad regulable, luces indicadoras.,• Dimensión del área de cocción de 20 cm,• Asa lateral de tacto frío,• Carcasa de acero inoxidable,• Revestimiento antiadherente para una fácil limpieza,EXCELENTE CALIDAD,ENTREGA INMEDIATA,PRODUCTO 100% NUEVO",53,Wafflera Circular Giratoria Hamilton Beach 26010
"Una sandwichera más que completa con la que podrás preparar no sólo sándwiches sino también waffles, o cocinar alimentos como carnes y vegetales, pudiendo abrirse completamente para usar como parrilla. La altura es regulable, de acuerdo al grosor de lo que quieras elaborar. Además, las superficies de cocción son removibles para que la limpieza sea más fácil,,Tres-en-uno: placas reversibles para preparar waffles, dorar sándwiches o cocinar alimentos,Control variable que te permite seleccionar la temperatura adecuada para cocinar,Superficies de cocción con recubrimiento antiadherente Altura regulable para preparar comidas de cualquier grosor,Se abre completamente para cocinar a la parrilla,Superficies de cocción removibles,Asas y base frías al tacto.,Nuestro local de entrega en Quito está en el sector Norte Carcelén.,Recuerde que GadiVentas le ofrece productos de calidad.,Puede hacer su compra con tranquilidad y confianza.,SOMOS MERCADO LÍDER,FORMAS DE PAGO: Efectivo, Depósito, Transferencia bancaria.,NUESTROS PRECIOS INCLUYEN IVA,ENTREGA INMEDIATA: En nuestro local o Envíos a nivel nacional, por medio de Servientrega, Tramaco Express o la empresa de transporte de su preferencia, los gastos de envió lo asume el cliente.,SOMOS GADIVENTAS.,NUESTRA REPUTACIÓN ES LA MAYOR CARTA DE PRESENTACIÓN. ESTAMOS PARA SERVIRLE.",85,Waflera/sanduchera Oster® 3 En 1 Cg120w-012
"Esta waflera eléctrica tiene un estilo profesional de diseño giratorio que hornea galletas belgas en cuestión de minutos. Gira 360 grados para repartir uniformemente la masa de los wafles, de esta manera quedan crujientes por fuera y suaves por dentro., ,Cuenta con placas antiadherentes para una sencilla limpieza, perrilla de control de ajuste de temperatura y bandeja colectora de migas desmontable., ,La base y manijas se mantienes frías al tacto y además tiene soportes antideslizantes, brindando total seguridad durante su uso.",68,"Waflera Belga Giratoria Multifuncion , Rotación 360g Nueva"
"Canguilera Industrial 110v-150 Onzas 56 Cm X 42 Cm X 76cm,ANDINA DISTRIBUIDORA,CARACTERISTICAS,- MODELO OT-804,- Capacidad 150 onzas de maíz.,- Acabado en acero inoxidable.,- Cristales totalmente reforzados.,- Sistema de alta eficiencia de calentamiento mediante luz infrarroja.,- Charola con diseño de cajón para fácil limpieza.,- Funcionamiento: 1.3 kw Eléctrico 110 volts 60 Hz.,* Medidas:,- Frente: 56 CM,- Fondo: 42 CM,- Alto: 76 CM,Una vez que la unidad comienza a cocinar, las palomitas de maíz terminadas caen a la plataforma de calentamiento de la máquina para hacer palomitas, donde se mantienen frescas hasta que esté listo para servir.,Es una excelente adición a ferias, eventos, cumpleaños, emprendimiento, negocios y todo tipo de reuniones familiares, sociales de trabajo, etc.,Toma solo 3-4 minutos para precalentar,Hervidor y estructura de Acero Inoxidable duraderos,Llamativo top rojo con recubrimiento de polvo,Paneles de plástico transparente y una luz más cálida que ilumina para una visibilidad máxima,Operación de 3 interruptores,Usar este equipo es tan simple que solo se necesitan tres interruptores. Uno es para la luz de Merchandising, otro controla el volteador y el tercero inicia el estallido.,8 oz. Hervidor de acero inoxidable,El hervidor se precalienta en solo unos minutos para una producción rápida. A medida que la tetera se llena, las palomitas de maíz caen al área de calentamiento, listas para servir.,Construcción duradera,La parte superior / inferior interior, el hervidor, la bandeja para migas y el marco están hechos de acero inoxidable.,Bandeja para migas extraíble,La bandeja para migas extraíble de este modelo facilita la extracción de los granos caídos y mantiene la máquina limpia.,EXCELENTE CALIDAD,ENTREGA INMEDIATA,PRODUCTO 100% NUEVO",390,Canguilera Industrial  110v-150 Onzas 56 Cm X 42 Cm X 76cm
"***Somos TV Corner***,CARACTERISTICAS:,Carcasa fría al tacto,Luz de encendido,Luz indicadora de preparado,Temperatura máxima 240º C,Recubrimiento antiadherente para facilitar la limpieza,Diámetro del plato: 20 cm,Patas antideslizantes,Uso doméstico",45.99,Waflera Redonda Umco Recubrimiento Antiadherente 0613
"ANTES DE DAR CLICK EN COMPRAR, revisa esta NOTA IMPORTANTE:,CIRCUIT SHOP se rige a las políticas de Mercado Libre; donde en el artículo 141 indica: “REALIZAR LA COMPRA EN ESTE PORTAL, YA ES UN COMPROMISO.”,Realiza las preguntas que desees y estaremos gustosos de contestarlas.,Producto Original Black+Decker con 2 años de garantía.,Somos CIRCUIT-SHOP,Roberto Cruz y Ángel Ludeña,Waflera Estilo Belga Giratoria,Modelo: WM1404S-LA,Haga wafles esponjosos que queden perfectos con cualquier aderezo. Con solo girar el mango, el sistema de rotación y cocción. Además, la luz indicadora de wafles listos, te permite saber cuándo están cocinados y listos para servir.,CARACTERÍSTICAS,- Sistema de rotación y cocción.,- Indicador de luz; la luz indicadora se ilumina cuando la waflera se ha calentado adecuadamente y está lista para recibir la mezcla, luego se vuelve a iluminar cuando el waffle se termina de cocinar.,- Cool-touch mango.,- Bloqueo de la manija.,- Revestimiento antiadherente duradero.,ESPECIFICACIONES,- Descripción: WLAFLERA GIRATORIA INOX/NGO BLACK+DECKER,- Potencia: 800W,- Dimensiones del producto: Ancho 30 cm, Alto 11 cm y Profundidad 18 cm,- Peso del producto: 2.75kg.,- Unidad de venta: unidad,HORARIOS DE ATENCIÓN:,Este producto lo podrás retirar en nuestras oficinas ubicadas en el sector Quito Norte de lunes a viernes de 10:00 a 20:30; sábados de 10:00 a 16:00. Domingos NO atendemos. ,ENVÍO A DOMICILIO VÍA MERCADO ENVÍOS:,Este producto se despachará por “MERCADO ENVÍOS” a través de su Courier URBANO; Courier designado por esta página. Tendrá un tiempo de entrega estimado proporcionado por Mercado Libre y podrás revisar el estado del proceso dentro de la misma plataforma. ,Asegúrate de que tu número de cédula y tu número de teléfono estén en la sección de mensajería una vez realizada la compra. ,Si no requieres envío, puede pasar retirando por nuestras oficinas.",75.49,Waflera Giratoria Estilo Belga Black Decker Circuit Shop
"Somos TVCORNER puedes encontrarnos en GOOGLE para que nos puedas contactar sin compromiso y que obtengas un 10% de descuento en tu compra.,**Pagos Dentro Le Quito Al Norte Y Sur Lo Puede Realizar Contra Entrega**,-Tres-en-uno:,-Placas reversibles para preparar waffles.,-Control variable temperatura.,-Superficies de cocción con recubrimiento antiadherente.,-Altura regulable para preparar comidas de cualquier grosor.,-Se abre completamente para cocinar a la parrilla.,-Superficies de cocción removibles.,-Asas y base frías al tacto Altura regulable.,* Aceptamos pagos por PAY PAL *,*Antes de dar CLIP EN COMPRAR por favor confirme el STOCK*",60.99,"Waflera, Sanduchera Y Parrilla Reversible Hi Luxe Hl-1200"
"Waflera Hamilton Beach 26081 Tipo Belga,ANDINA DISTRIBUIDORA,Marca: Hamilton Beach,Waflera.,Tipo Belga,Ref 26081,Control de tostado ajustable,Encendido y luces preparadas,almacenamiento compacto y vertical,Platos de waffles antiadherentes de facil limpieza,Los gofres belgas clásicos, cubiertos con mantequilla y almíbar, son solo el comienzo. Con la máquina para hacer gofres estilo belga, es fácil probar una variedad de creaciones dulces y saladas como suero de leche, pizza o wafles.,EXCELENTE CALIDAD,ENTREGA INMEDIATA,PRODUCTO 100% NUEVO,Garantía del vendedor: 6 meses",44.99,Waflera Hamilton Beach 26081 Tipo Belga
"Mini Waflera Electrica Personal En Forma De Corazón,ANDINA DISTRIBUIDORA,SOMOS ANDINA DISTRIBUIDORA,Comidas sobre la marcha: manera rápida y saludable de cocinar gofres, tostadas francesas, galletas y salsa, hash browns, queso a la parrilla, quesadillas, pizza, brownies, galletas y mucho más. Perfecto para desayuno, almuerzo, cena y postre,Fácil de usar: simplemente enchufa, espera 1 – 3 minutos hasta que se caliente y cuando la luz indicadora se apaga, puedes empezar a cocinar,Superficie de cocción de doble cara: cada superficie de cocción es de 5.0 in de ancho, proporcionando resultados rápidos, eficientes y consistentes. La superficie antiadherente se limpia fácilmente,Asas de tacto frío: el mango de tacto frío te permite mantener tus manos seguras al abrir y cerrar la tapa,ANDINA DISTRIBUIDORA",14,Mini Waflera Electrica  Personal En Forma De Corazón 
"Wafflera Doble vertical tipo belga  eléctrica características comercial resistente para mayor durabilidad.,Diseñado con triple-coated antiadherente platos que permite para fácil eliminación de gofres y rápida limpieza,Elementos de calefacción son incrustado en platos para control de temperatura preciso y distribución uniforme del calor, para un resultado uniforme de en color tostado,Incluye sobre de potencia y ready-to-bake indicadores LED, señal de audio pitido cuando la unidad está listo para cocinar y cuando el gofre está listo para servir,Viene con nuevo diseño vertical ahorra espacio con no empotrado listo luces cocineros dos gofres a la vez con la huella de una sola mano eléctrica.,120 voltios,Produce 50 waffles por hora grosor de 2.54cm,Precio no incluye envío ni valor de I.V.A",800,Waflera Industrial Americana 
"Mini Waflera Practica De Uso Rapido,Fácil de usar,Solo con enchufarla, la luz verde se encenderá y la máquina comenzará a calentarse, cuando el indicador luminoso solo tendrá que introducir la masa en los huecos y comenzarán a cocinarse.,Placas antiadherentes,Gracias a las placas antiadherentes los popcakes no se quedarán pegados al molde y podrá realizar la limpieza del producto de forma rápida y sencilla.,Compacto,Cocina 7 divertidos cupcakes, en minutos. Cuando no esté en uso es fácil de guardar por sus reducidas dimensiones: 12 cm.,Características,Base con patas antideslizantes para mejorar la estabilidad, asa de toque frío, luz indicadora de encendido y de temperatura idónea alcanzada.,Entregamos empacado como viene de importación,Excelente calidad.,Entrega inmediata.",10,Mini Waflera Practica De Uso Rapido
"Prepara unos deliciosos wafles desde la comodidad de tu hogar con la Mini Waflera eléctrica. Su diseño portátil y peso ligero lo hace de fácil transporte. Por lo que podrás llevarlo al trabajo, a picnics, viajes y mucho más. Resistente y fácil de usar con un solo botón de encendido y apagado.,Disfruta de un desayuno familiar con tus Waffles favoritos. El material antiadherente en el que esta hecho lo hace de fácil limpieza para que disfrutes al máximo un desayuno familiar.",18,Maquina Mini Waflera Eléctrica
"Mini Wafflera Practica De Uso Rapido,ANDINA DISTRIBUIDORA,Fácil de usar,Solo con enchufarla, la luz verde se encenderá y la máquina comenzará a calentarse, cuando el indicador luminoso solo tendrá que introducir la masa en los huecos y comenzarán a cocinarse.,Placas antiadherentes,Gracias a las placas antiadherentes los popcakes no se quedarán pegados al molde y podrá realizar la limpieza del producto de forma rápida y sencilla.,Compacto,Cocina 7 divertidos cupcakes, en minutos. Cuando no esté en uso es fácil de guardar por sus reducidas dimensiones: 12 cm.,Características,Base con patas antideslizantes para mejorar la estabilidad, asa de toque frío, luz indicadora de encendido y de temperatura idónea alcanzada.,Producto 100% nuevo de paquete. ,Excelente calidad.,Entrega inmediata.",14,Mini Wafflera Practica De Uso Rapido
La tienda no incluyó una descripción del producto,15.60,Mini Waflera Wafle Time 550 W
Waflera de acero inoxidables Umco de 1200 W y con control manual. Apto para uso doméstico y con 2 años de garantía por defecto de fábrica.,57.24,Wafflera Acero Inoxidable  1200 W
"INCLUIDO: la maquina electrica para cortar la papa, bateria, cargador y la freidora",700,Maquina Para Papa Tornado
El vendedor no incluyó una descripción del producto,2000,Maquinas Wafleras Industriales
Waflera Marca DKSA Modelo NO.: KY-13SP,22,Waflera Eléctrica Sweet Alice  201 Color Negro 110v
El vendedor no incluyó una descripción del producto,3.99,Waflera Peni
"Mejora tu juego de desayuno: el desayuno es una de las comidas más importantes del día. Nuestra sartén ejecuta perfectamente tus favoritos temprano en la mañana y comienza bien el día.,Fácil de usar: la superficie es de revestimiento de cerámica para hacer que la sartén no se pegue. Cuando hayas terminado, todo lo que queda se desliza por menos desorden",13,Máquina Para Hacer Panqueques 
"¡Gracias por visitar una de nuestras publicaciones! En ONIX MARKET somos especialistas en comercio electrónico. Antes de realizar una compra asesórate Gratis con nosotros.,Descripción:,–,¡Despierta con el aroma tentador de wafles recién hechos con nuestra excepcional máquina!,• Funcionamiento fácil y rápido para una comida rápida, fiesta de verano o un evento familiar.,• Poder de 750W con luz LED indicadora.,• IMPORTANTE: A PARTIR DE 3 UNIDADES OFRECEMOS DESCUENTO - CONSULTE NUESTROS PRECIOS PARA NEGOCIO.,• TODOS NUESTROS PRODUCTOS SON NUEVOS TIENEN GARANTÍA POR DEFECTO DE FABRICA.,ENVÍO PARTICULARES A OTRAS CIUDADES A TRAVÉS DE:,• Servientrega (Carga Ligera),• ENETSA (Carga Pesada),ENVÍO POR MEDIO DE MERCADO LIBRE.,• Urbano Express ,LOS VALORES DEL ENVÍO PARTICULAR SON ASUMIDOS POR EL CLIENTE, MISMO QUE PUEDE AUMENTAR DE ACUERDO AL VOLUMEN Y PESO DEL PRODUCTO ADQUIRIDO. ,NOTA IMPORTANTE: Estimado cliente; por nuevas políticas de Mercado Libre, por favor da Clic en comprar si realmente estás interesado en el producto, caso contrario serás calificado de manera negativa automáticamente afectando tu reputación en la comunidad de Mercado Libre. ,Muchas gracias por tu atención y estamos siempre dispuestos a servirte,Garantía del vendedor: 30 días",23.99,Waflera De Dos Espacios Con Luz Indicadora
"WAFLERA,Información técnica,- Alimentación: 110v,- Peso: 8k,- Consumo por hora en Kw es de 1.4KW,- Dimensiones: 58 largo x 22 ancho x 29 cm,- Tamaño Manija 28 cm,- Dimensiones un solo orificio 3.5 x 2.5,- Material: acero inoxidable, modelo de aluminio fundido, con alta conductividad.,,- Temperatura : 50-250C,Tamaño del molde 18.5 cm,-,Otros datos,- Asa de tacto fríoen madera , diseño novedoso,- Fácil corte.,Somos onix agro,Garantía del vendedor: 12 meses",178,Waflera Burbuja Uso Comercial Para Negocio
"MINI WAFFLERA: Es una wafflera chica, que prepara una pieza de waffle cada vez, o lo puede usar cocinando panini, sandwich, tostada o una pizza mini rica,DOBLE PLANCHAS ANTIDESLIZANTES: Se adopta hierro premium con superficies antideslizantes en las dos planchas, recuerda de calentar la wafflera con aceite pintada en la superficie de las planchas antes de usarlo por la primera vez y se limpia con un papel de cocina o un pañal mojado después del uso,CALEFACCION AUTOMATICA: La máquina se calienta automáticamente al encenderlo conectando con la luz, se apaga y se calienta repetidamente en el proceso de cocción para mantener una temperatura adecuada, no necesita ajustar nada hasta que termine el waffle, muy conveniente para mañanas con tiempo limitado,COMPACTO Y PORTATIL: Esta waflera mini es apto para preparar cada vez un waffle de 5 inches, el cuerpo es super compacto como un plato, se lo puede usar llevarselo encima al exterior en el campo,APLICACION AMPLIA: La waflera sirve para preparar desayuno rápido en las mañanas o preparar bocadillos para los niños, también es una herramienta perfecta para uso propio si vive solo o tiene compañeros en un apartamento chico.,Contamos con local físico por el sector de la Universidad Central ,Entregamos a todo el país por servientregas.,Garantía del vendedor: 2 meses",11.99,Mini Wafflera
El vendedor no incluyó una descripción del producto,41,Waflera Cuadrada Hamilton Beach 26009
"Cómoda y práctica,Ideal para el día a día, ya que al ser antiadherente tus waffles no se pegan.",55,"Proctor-silex - Waffle Para Panadero, 4 Waffles Cuadrados."
El vendedor no incluyó una descripción del producto,49,Wafflera Redonda Umco 0613
El vendedor no incluyó una descripción del producto,65,Wafflera Giratoria Black And Decker
"Cake Pops listos en 4 minutos.,Incluye múltiples recetas deliciosas.,Placas antiadherentes fáciles de limpiar.,Asas que no se calientan.,Luces indicadoras de encendido / calor.,Almacenamiento vertical.,Conveniente envoltura de cable.,Tapa de bloqueo de seguridad.",35,Maquina De Pasteles
"Cake Pops listos en 4 minutos.,Incluye múltiples recetas deliciosas.,Placas antiadherentes fáciles de limpiar.,Asas que no se calientan.,Luces indicadoras de encendido / calor.,Almacenamiento vertical.,Conveniente envoltura de cable.,Tapa de bloqueo de seguridad.",35,Maquina Para Cake
description,price,title
". Equipos nuevos somos importadores directos. Somos IMPORTADORA ATLAS QUITO,. SI somos LOCAL FÍSICO estamos al Norte de Quito, Horario de Atención AL LUNES a VIERNES de 10 Am a 5pm,. Equipo de uso industrial,. Control de temperatura y alarma de tiempo,. medidas 25cm de ancho x 38 de fondo por 30,5 de alto,. Diametro del wafle 19cm con diseño para 4 porciones,. 110 V,. 1300 W,. peso 18 libras,. construido en ACERO inoxidable,. La waflera esta recubierta de un material anti stick certificado por la FDA,. equipo nuevo.,Rango de temperatura regulable entre 50 y 300 grados celcius,. inlcuye bandeja de acero inoxidable,, mezcladores,pinzas,,. brochas especiales,y fibras para la limpieza del acero inoxidable,Garantía del vendedor: 6 meses",220,"Waflera Industrial Redonda Giratoria Acero Inoxidable, Temp"
"Prepara unos deliciosos wafles desde la comodidad de tu hogar con la Mini Waflera eléctrica. Su diseño portátil y peso ligero lo hace de fácil transporte. Por lo que podrás llevarlo al trabajo, a picnics, viajes y mucho más. Resistente y fácil de usar con un solo botón de encendido y apagado.,Disfruta de un desayuno familiar con tus Waffles favoritos. El material antiadherente en el que esta hecho lo hace de fácil limpieza para que disfrutes al máximo un desayuno familiar.",18,Mini Waflera Eléctrica
"***Somos TV Corner***,-Walfera Sanduchera y Parrillera Oster,-Tres-en-uno:,-Placas reversibles para preparar waffles.,-Control variable temperatura.,-Superficies de cocción con recubrimiento antiadherente.,-Altura regulable para preparar comidas de cualquier grosor.,-Se abre completamente para cocinar a la parrilla.,-Superficies de cocción removibles.,-Asas y base frías al tacto Altura regulable.",89.99,"Waflera, Sanduchera Y Parrilla Reversible Oster Cg120w-012 "
"***Somos TV Corner***,Monedero Diseño • Costura,Fácil de Limpiar las placas antiadherente,Los mangos frío al tacto,Potencia y precalentamiento Luces indicadoras,Vertical de almacenamiento compacto,Cable conveniente Wrap,Cierre de Seguridad de la tapa",23.99,Waflera 2 Rebanadas Cuadrada Watts 750 Forever Jk107
"LOCALES EN QUITO SECTOR REDONDEL LA VILLAFLORA - LA CAROLINA,Wafflera Hamilton Beach 26009,Características,- Marca: Hamilton Beach,- Modelo: 26009,- Almacenamiento vertical,- Capacidad para 2 waffles,- luces de encendido y precalentamiento ubicadas en la parte superior indican cuándo se enciende y cuándo agregar masa,- Rejillas antiadherentes estilo belga, fáciles de limpiar,- Estructura de acero inoxidable de alta calidad fácil de limpiar,- Waffles listo en 5 minutos,Producto 100% nuevo de paquete.,Excelente calidad.,Entrega inmediata.,Formas de pago: Efectivo, depósito, transferencia bancaria, aceptamos todas las tarjetas de crédito.,Costos de envío corren por cuenta del comprador.,Horarios de atención son: lunes a Sábado: 9:00AM A 18:00PM, Domingos y Feriados 10:00 AM A 16:00 PM.",40,Wafflera 2 Compartimentos Hamilton Beach 26009 
La tienda no incluyó una descripción del producto,15.60,Mini Waflera Wafle Time 550 W
Waflera de acero inoxidables Umco de 1200 W y con control manual. Apto para uso doméstico y con 2 años de garantía por defecto de fábrica.,57.24,Wafflera Acero Inoxidable  1200 W
"Planchas reversibles antiadherentes.,Indicador de luz para cuando la cocción esté lista.,Práctica para cocción a la plancha.,Acabado de lujo exterior cromado.,También funciona como sanduchera y plancha para asar.,Tensión a",88.21,Waflera Classica 700 W
"Somos Como CV en TV contamos Local Físico ,------------------------------------------------------------------------------------------------------------------------------------------------------------------------------------------------------------------------------------------------------------------------------,Mini Waflera Corazón 350 W ,- Fácil de usar: Solo con enchufarla, la luz verde se encenderá y la máquina comenzará a calentarse, cuando el indicador luminoso solo tendrá que introducir la masa en los huecos y comenzarán a cocinarse. ,- Placas antiadherentes: Gracias a las placas antiadherentes los popcakes no se quedarán pegados al molde y podrá realizar la limpieza del producto de forma rápida y sencilla. ,- Características: Base con patas antideslizantes para mejorar la estabilidad, asa de toque frío, luz indicadora de encendido y de temperatura idónea alcanzada. ,- Cuando no esté en uso es fácil de guardar por sus reducidas dimensiones: 25,4 x 20,6 x 11,3 cm,Garantía del vendedor: 1 meses",9.50,Mini Waflera En Forma De Corazón 350 W
"Con la mini máquina para hacer wafles, puede preparar platos individuales en menos de tres minutos. ¡La superficie antiadherente te permite cocinar y dorar perfectamente lo que sea que hagas, y es una actividad divertida tanto para adultos como para niños! ,Potencia 350 w,Esperar que la luz verde encienda para saber que el wafle está cocinado ,Fácil de limpiar",13,"Waflera Eléctrica Mini Personal, Cocina Postres Cafetería"
"Prepara unos deliciosos wafles desde la comodidad de tu hogar con la Mini Waflera eléctrica. Su diseño portátil y peso ligero lo hace de fácil transporte. Por lo que podrás llevarlo al trabajo, a picnics, viajes y mucho más. Resistente y fácil de usar con un solo botón de encendido y apagado.,Disfruta de un desayuno familiar con tus Waffles favoritos. El material antiadherente en el que esta hecho lo hace de fácil limpieza para que disfrutes al máximo un desayuno familiar.",15,Pequeña Waflera Eléctrica
"Mini Waflera Corazón 350 W,- Fácil de usar: Solo con enchufarla, la luz verde se encenderá y la máquina comenzará a calentarse, cuando el indicador luminoso solo tendrá que introducir la masa en los huecos y comenzarán a cocinarse.,- Placas antiadherentes: Gracias a las placas antiadherentes los popcakes no se quedarán pegados al molde y podrá realizar la limpieza del producto de forma rápida y sencilla.,- Características: Base con patas antideslizantes para mejorar la estabilidad, asa de toque frío, luz indicadora de encendido y de temperatura idónea alcanzada.,- Cuando no esté en uso es fácil de guardar por sus reducidas dimensiones: 25,4 x 20,6 x 11,3 cm,Precio:,Unidad $13,-----------------------------------------------------------------------------------------------------,*** COMO REALIZAR SU COMPRA ***,--------------------------------------------------,DAR CLICK EN COMPRAR Y SEGUIR LAS INDICACIONES DE LA PAGINA.,EL ENVIÓ SE REALIZA POR MERCADO ENVÍOS CON COMPRA PROTEGIDA Y SI LLEGAN A TODO EL ECUADOR.,PUEDE RASTREAR LA UBICACIÓN DE SU PEDIDO 24/7 POR MEDIO DE LA APP DE MERCADO LIBRE EN LA OPCIÓN MIS COMPRAS.,MERCADO ENVÍOS SE COMUNICARA CON USTED EN EL TRANSCURSO DE 24 HORAS HÁBILES PARA LA ENTREGA DE SU PAQUETE.",12.99,Mini Waflera Corazón 350 W
"***Somos TV Corner***,Waflera Estilo Belga,Rejillas antiadherentes fáciles de limpiar,Control ajustable de temperatura,Luces indicadoras indican cuando está encendida y cuando agregar la masa,Rejillas antiadherentes fáciles de limpiar preparan 4 wafles,Diseño clásico negro y de acero inoxidable,Almacenamiento compacto vertical",54.99,Waflera Redonda Hamilton Beach Tipo Belga 26080
"Placas Antiadherentes,Luces indicadoras en encendido y listo ,Cierre de seguridad ,2 servicios ,Potencia: 750 W,Voltaje: 110 V,Recuerde que GadiVentas le ofrece productos de calidad.,Puede hacer su compra con tranquilidad y confianza.",25.50,Waflera De 2 Servicios Con Lamina De Acero
"Comidas sobre la marcha: manera rápida y saludable de cocinar gofres, tostadas francesas, galletas y salsa, hash browns, queso a la parrilla, quesadillas, pizza, brownies, galletas y mucho más. Perfecto para desayuno, almuerzo, cena y postre,Fácil de usar: simplemente enchufa, espera 1 – 3 minutos hasta que se caliente y cuando la luz indicadora se apaga, puedes empezar a cocinar,Superficie de cocción de doble cara: cada superficie de cocción es de 5.0 in de ancho, proporcionando resultados rápidos, eficientes y consistentes. La superficie antiadherente se limpia fácilmente,Asas de tacto frío: el mango de tacto frío te permite mantener tus manos seguras al abrir y cerrar la tapa,Regalo: regalo perfecto para bodas, cumpleaños, vacaciones, vida universitaria y mucho más",15,Mini Waflera Personal En Forma De Corazón 
"ANTES DE DAR CLICK EN COMPRAR, revisa esta NOTA IMPORTANTE:,CIRCUIT SHOP se rige a las políticas de Mercado Libre; donde en el artículo 141 indica: “REALIZAR LA COMPRA EN ESTE PORTAL, YA ES UN COMPROMISO.”,Realiza las preguntas que desees y estaremos gustosos de contestarlas.,Producto Original Black+Decker con 1 año de garantía.,Somos CIRCUIT-SHOP,Roberto Cruz y Ángel Ludeña,Waflera,Modelo: WM120B,Descripción,Desayuno es mejor con la wafflera de BLACK+DECKER WM120B. Las placas son antiadherentes, lo cual significa que están listas para liberar las secciones del waffle y luego poder limpiarse fácilmente. Una luz indicadora se ilumina cuando la waflera se ha calentado adecuadamente y está lista para recibir la mezcla, luego se vuelve a iluminar cuando el waffle se termina de cocinar.,Especificaciones,- 760 Watts,- Placas antiadherentes,- Luz indicadora,- Cierre de la asa,- Asa fría al tacto,- Base de almacenamiento vertical,- Guardacable,HORARIOS DE ATENCIÓN:,Este producto lo podrás retirar en nuestras oficinas ubicadas en el sector Quito Norte de lunes a viernes de 10:00 a 20:30; sábados de 10:00 a 16:00. Domingos NO atendemos.,ENVÍO A DOMICILIO VÍA MERCADO ENVÍOS:,Este producto se despachará por “MERCADO ENVÍOS” a través de su Courier URBANO; Courier designado por esta página. Tendrá un tiempo de entrega estimado proporcionado por Mercado Libre y podrás revisar el estado del proceso dentro de la misma plataforma.,Asegúrate de que tu número de cédula y tu número de teléfono estén en la sección de mensajería una vez realizada la compra.,Si no requieres envío, puede pasar retirando por nuestras oficinas.",42.49,Waflera 760w Black Decker Wm120b Negra Circuit Shop
"INCLUIDO: la maquina electrica para cortar la papa, bateria, cargador y la freidora",700,Maquina Para Papa Tornado
Waflera Marca DKSA Modelo NO.: KY-13SP,22,Waflera Eléctrica Sweet Alice  201 Color Negro 110v
El vendedor no incluyó una descripción del producto,2000,Maquinas Wafleras Industriales
El vendedor no incluyó una descripción del producto,3.99,Waflera Peni
"Mejora tu juego de desayuno: el desayuno es una de las comidas más importantes del día. Nuestra sartén ejecuta perfectamente tus favoritos temprano en la mañana y comienza bien el día.,Fácil de usar: la superficie es de revestimiento de cerámica para hacer que la sartén no se pegue. Cuando hayas terminado, todo lo que queda se desliza por menos desorden",13,Máquina Para Hacer Panqueques 
"¡Gracias por visitar una de nuestras publicaciones! En ONIX MARKET somos especialistas en comercio electrónico. Antes de realizar una compra asesórate Gratis con nosotros.,Descripción:,–,¡Despierta con el aroma tentador de wafles recién hechos con nuestra excepcional máquina!,• Funcionamiento fácil y rápido para una comida rápida, fiesta de verano o un evento familiar.,• Poder de 750W con luz LED indicadora.,• IMPORTANTE: A PARTIR DE 3 UNIDADES OFRECEMOS DESCUENTO - CONSULTE NUESTROS PRECIOS PARA NEGOCIO.,• TODOS NUESTROS PRODUCTOS SON NUEVOS TIENEN GARANTÍA POR DEFECTO DE FABRICA.,ENVÍO PARTICULARES A OTRAS CIUDADES A TRAVÉS DE:,• Servientrega (Carga Ligera),• ENETSA (Carga Pesada),ENVÍO POR MEDIO DE MERCADO LIBRE.,• Urbano Express ,LOS VALORES DEL ENVÍO PARTICULAR SON ASUMIDOS POR EL CLIENTE, MISMO QUE PUEDE AUMENTAR DE ACUERDO AL VOLUMEN Y PESO DEL PRODUCTO ADQUIRIDO. ,NOTA IMPORTANTE: Estimado cliente; por nuevas políticas de Mercado Libre, por favor da Clic en comprar si realmente estás interesado en el producto, caso contrario serás calificado de manera negativa automáticamente afectando tu reputación en la comunidad de Mercado Libre. ,Muchas gracias por tu atención y estamos siempre dispuestos a servirte,Garantía del vendedor: 30 días",23.99,Waflera De Dos Espacios Con Luz Indicadora
"WAFLERA,Información técnica,- Alimentación: 110v,- Peso: 8k,- Consumo por hora en Kw es de 1.4KW,- Dimensiones: 58 largo x 22 ancho x 29 cm,- Tamaño Manija 28 cm,- Dimensiones un solo orificio 3.5 x 2.5,- Material: acero inoxidable, modelo de aluminio fundido, con alta conductividad.,,- Temperatura : 50-250C,Tamaño del molde 18.5 cm,-,Otros datos,- Asa de tacto fríoen madera , diseño novedoso,- Fácil corte.,Somos onix agro,Garantía del vendedor: 12 meses",178,Waflera Burbuja Uso Comercial Para Negocio
"MINI WAFFLERA: Es una wafflera chica, que prepara una pieza de waffle cada vez, o lo puede usar cocinando panini, sandwich, tostada o una pizza mini rica,DOBLE PLANCHAS ANTIDESLIZANTES: Se adopta hierro premium con superficies antideslizantes en las dos planchas, recuerda de calentar la wafflera con aceite pintada en la superficie de las planchas antes de usarlo por la primera vez y se limpia con un papel de cocina o un pañal mojado después del uso,CALEFACCION AUTOMATICA: La máquina se calienta automáticamente al encenderlo conectando con la luz, se apaga y se calienta repetidamente en el proceso de cocción para mantener una temperatura adecuada, no necesita ajustar nada hasta que termine el waffle, muy conveniente para mañanas con tiempo limitado,COMPACTO Y PORTATIL: Esta waflera mini es apto para preparar cada vez un waffle de 5 inches, el cuerpo es super compacto como un plato, se lo puede usar llevarselo encima al exterior en el campo,APLICACION AMPLIA: La waflera sirve para preparar desayuno rápido en las mañanas o preparar bocadillos para los niños, también es una herramienta perfecta para uso propio si vive solo o tiene compañeros en un apartamento chico.,Contamos con local físico por el sector de la Universidad Central ,Entregamos a todo el país por servientregas.,Garantía del vendedor: 2 meses",11.99,Mini Wafflera
El vendedor no incluyó una descripción del producto,41,Waflera Cuadrada Hamilton Beach 26009
"Cómoda y práctica,Ideal para el día a día, ya que al ser antiadherente tus waffles no se pegan.",55,"Proctor-silex - Waffle Para Panadero, 4 Waffles Cuadrados."
El vendedor no incluyó una descripción del producto,49,Wafflera Redonda Umco 0613
El vendedor no incluyó una descripción del producto,65,Wafflera Giratoria Black And Decker
"Cake Pops listos en 4 minutos.,Incluye múltiples recetas deliciosas.,Placas antiadherentes fáciles de limpiar.,Asas que no se calientan.,Luces indicadoras de encendido / calor.,Almacenamiento vertical.,Conveniente envoltura de cable.,Tapa de bloqueo de seguridad.",35,Maquina De Pasteles
"Cake Pops listos en 4 minutos.,Incluye múltiples recetas deliciosas.,Placas antiadherentes fáciles de limpiar.,Asas que no se calientan.,Luces indicadoras de encendido / calor.,Almacenamiento vertical.,Conveniente envoltura de cable.,Tapa de bloqueo de seguridad.",35,Maquina Para Cake
"8 tazas de palomitas de maíz en solo 2-3 minutos,No se utiliza aceite para una merienda saludable,Ahorre dinero usando granos sueltos,Bandeja de fusión de tapa / cuchara de doble propósito,Palomitas de maíz en tu tazón,Cómodo almacenamiento de cable,Incluye recetas gourmet de palomitas de maíz,Piezas extraíbles fáciles de limpiar,Color: azul, blanco",45,Maquina Para Hacer Canguil
"Waflera Estilo Belga,Rejillas antiadherentes fáciles de limpiar,Control ajustable de temperatura,Luces indicadoras indican cuando está encendida y cuando agregar la masa,Rejillas antiadherentes fáciles de limpiar preparan 4 wafles,Diseño clásico negro y de acero inoxidable,Almacenamiento compacto vertical",54.99,Waflera Redonda Hamilton Beach Tipo Belga 26080
"Una práctica mini Waflera que solo necesita enchufarse a la corriente, esperar a que se caliente, añadir la mezcla de la gofrera, cerrarla y esperar a que esté cocida. Perfecto para regalar, perfecto para un desayuno práctico si estás aburrido del mismo desayuno Características: - Más que gofres: ¡haz paninis, papas fritas e incluso mini pizzas según tu creatividad en cualquier lugar",18,Mini Máquina Para Hacer Waffles
"Una práctica mini Waflera que solo necesita enchufarse a la corriente, esperar a que se caliente, añadir la mezcla de la gofrera, cerrarla y esperar a que esté cocida. Perfecto para regalar, perfecto para un desayuno práctico si estás aburrido del mismo desayuno Características: - Más que gofres: ¡haz paninis, papas fritas e incluso mini pizzas según tu creatividad en cualquier lugar",18,Máquina Pequeña Para Hacer Waffles  Antiadherente 
"Somos El Bárbaro Ec S.A.s.,Visita elbarbaro ec y síguenos como elbarbaro ec,Contamos con tienda física en Sector Entreríos y tienda online. Ventas al por mayor y menor.,Dar click en comprar solo cuando este seguro de su compra de lo contrario será calificado negativo, cuide su reputación de comprador,------------------------------------------------------------------,MINI WAFLERA ELÉCTRICA ANTIADHERENTE,Más que wafles: Haz paninis, hash browns e incluso galletas de pizzas. Cualquier rebozado húmedo ""tostará"" tus bocadillos en porciones individuales. Ideal para niños o para viajar.,Compacto y ligero: Con un peso de 1 libra+, este es un imprescindible para ese primer apartamento, cocina pequeña, vida de dormitorio universitario, o para ir de viaje de camper/RV.,Rápido y fácil: Simplemente conéctalo y listo; se calienta en pocos minutos. La doble superficie antiadherente proporciona una cocción uniforme para resultados consistentes, siempre.,El regalo perfecto: El regalo perfecto para bodas o el nuevo hogar. Su pequeño tamaño ocupa poco espacio en el mostrador, y su diseño elegante y opciones de color a la moda se combinan con cualquier decoración de cocina,incluye: Waflera de 4'' antiadherente eléctrica,Material: Antiadherente resistente a altas temperaturas,Caliente tamaño: 6.4 x 5 x 2.8 pulgadas,Parámetro: 110V; 350WCa,Métodos de entrega:,• Retiro directo en el establecimiento ubicado en Guayaquil sector Entreríos.,• Envío en motorizado a domicilio en la ciudad y también puede pagar al recibirlo.,• Envío a domicilio a cualquier ciudad del Ecuador mediante Servientrega.,• Envío para retiro en oficinas Servientrega de cualquier ciudad del Ecuador.,*Nuestros servicios de envío se realizan el mismo día en horas laborables.,Formas de pago:,• Efectivo.,• Depósito bancario.,• Transferencia bancaria.,• Tarjeta de crédito o link de pagos.,Garantía del vendedor: 1 meses",20.11,Mini Waflera Eléctrica Antiadherente 350w Tostadora Sandwich
"La mini Waflera Nostalgia Heart hace waffles en forma de corazón del tamaño de un refrigerio en minutos.,Las superficies de cocción antiadherentes de 4 ” (10 cm) se limpian fácilmente y los waffles se levantan en un solo paso.,Se calienta rápida y uniformemente para obtener mini waffles perfectamente cocinados.,No se requiere configuración, simplemente conéctelo y estará listo para comenzar.,El tamaño compacto se guarda ordenadamente en gabinetes y cajones, y es el tamaño perfecto para cualquier cocina.",17.99,Mini Waflera Modelo Corazón
El vendedor no incluyó una descripción del producto,3.99,Waflera Peni
El vendedor no incluyó una descripción del producto,3.99,Waflera Peni
"- Diseño: Lámina de acero fría al tacto,- Voltaje: 120V (50-60Hz),- Potencia: 750W,- Dimensiones: 23x23,3x9,5cm,- Placas con revestimiento antiadherente para facilitar la limpieza,- Controlado termostáticamente,- Soporte vertical para almacenamiento y cable enrollable ,- Luces de encendido y listo",23.90,"Forever Wafflera - 2 Servicios, 750w - Antiadherente"
"""SOMOS DISTRIBUIDORA 69"",TU COMPRA CON NOSOTROS ES 100% SEGURA,WAFLERA EN FORMA DE CORAZÓN ANTIADHERENTE,Descripción: Esta mini waflera será un gran complemento en tu cocina para tu día a día. Te facilitará la preparación de waffles en cuestión de minutos. Los waffles son fáciles de desmoldar, pueden aplicar un poco de mantequilla o aceite pero solo en pequeñas cantidades, esto facilitará que puedas sacarlos mucho más fácil. ,Al Por Mayor$ 5.49 ,Por Unidad$ 5.99,----------------------------------------------------------------------------,¿COMO COMPRAR?,1. Clic al botón comprar.,2. Compra de forma directa ,3. No Mercado Pago,-------------------------------------------------------------------------------,FORMAS DE ENTREGA,- Retiro en nuestros almacenes en la ciudad de Guayaquil- Envíos dentro de la ciudad,- Envíos a nivel nacional,------------------------------------------------------------------------------,IMPORTANTE,- Nuestros Productos son verificados antes del envío, por tanto una vez realizado el pago no se aceptan cambios, ni devoluciones.,- Antes de ofertar consulte todo lo que crea pertinente, estamos para asesorarlo.,-------------------------------------------------------------------------------,DIRECCIÓN,Guayaquil/la Alborada,------------------------------------------------------------------------------,HORARIOS DE ATENCIÓN,Lunes a Sabado: 08:30 – 18:30",1,Waflera En Forma De Corazón Antiadherente
"Chefman es sinónimo de lujo e innovación. Ideal para quienes deseen llevar sus habilidades en la cocina al siguiente nivel.,Cómoda y práctica,Ideal para el día a día, ya que al ser antiadherente tus waffles no se pegan.",37,Waflera Chefman 2 Rebanadas
"NUESTRA EMPRESA, ESTOYDESHOPPING, FUNDADA EN 2007, OSTENTA EL ESTATUS DE MERCADO LÍDER GOLD, DESTACÁNDONOS COMO UNO DE LOS MEJORES VENDEDORES DE MERCADO LIBRE.,Su compra está 100% respaldada por nuestra garantía de 1 año y devoluciones. Puede verificar nuestra reputación con confianza.,Contamos con una sala de exhibición física para que retire los productos, sin embargo ¡EL PRECIO QUE VE YA INCLUYE EL ENVÍO A CUALQUIER PARTE DEL ECUADOR!,Además, ofrecemos servicio técnico oficial y repuestos originales de las marcas que representamos, asegurando una vida útil prolongada para su inversión.,------------------------------------------------------ ,¡EstoyDeShopping, siempre a su servicio! ,------------------------------------------------------,Plancha Babylisspro en Zig Zag, Crimper Waflera para estilizar 1½"" BNTCRS3073TUC,¿Estás buscando una plancha de pelo que pueda crear estilos únicos y llamativos en tus cabellos? Si es así, entonces la Plancha Babylisspro en Zig Zag es exactamente lo que necesitas. Esta herramienta de peluquería de alta calidad está diseñada para estilizar tus mechones de cabello de una manera única y atractiva, gracias a su diseño de zigzag en las placas.,Esta plancha también cuenta con controles de temperatura ajustables, lo que significa que puedes personalizar la temperatura para adaptarse a tu tipo de cabello y evitar daños innecesarios. Con la Plancha Babylisspro en Zig Zag, puedes crear una gran variedad de estilos, desde rizos suaves hasta ondas marcadas o patrones de zigzag atrevidos.,En resumen, si estás buscando una plancha de pelo de alta calidad que pueda crear estilos únicos y llamativos, la Plancha Babylisspro en Zig Zag es la opción perfecta para ti. Con su tecnología avanzada, placas anchas y controles de temperatura ajustables, puedes estar seguro de que obtendrás los mejores resultados posibles en cada uso.,¡Atrévete a experimentar con diferentes patrones de zigzag y consigue un estilo envidiable con esta waflera para estilizar!,Características:, Distribuye el calor uniformemente, resistente a la corrosión, Resistencia de cerámica para calentamiento y recuperación instantánea del calor, Placas de TITANIUM súper suaves y extra largas de 12.5cm 1 1/2"" de ancho (38mm) para un peinado más rápido, Función para peinados especiales para estilizar con dientes finos (8 dientes), que da volumen a cualquier estilo, crea looks con textura, Carcasa de Ryton, Cable profesional 360°, Incluye guante resistente al calor (3 dedos) titanium, Disco regulador de temperatura hasta 450°F (230°C), Indicador luminoso Encendido / Apagado, Diseño delgado y liviano para mayor comodidad,------------------------------------,PREGUNTAS FRECUENTES:,------------------------------------,¿Cómo hago la compra?,Solo haga clic en comprar, pague con la tarjeta de su preferencia y automáticamente recibiremos su pedido.,¿Horario y locales?,Contamos con una bodega y sala de exhibición al norte de Quito, sector El Inca. Despachamos a todo el Ecuador, nuestro horario de atención LUNES A VIERNES de 9:00 a 13:00 y de 14:00 a 18:00.,¿Pueden darme sus datos de contacto para visitarlos?,Lamentablemente Mercado Libre no permite darle directamente nuestros datos de contacto ¡recuerde que en ESTOYDESHOPPING estamos a su servicio!,¿Tiempo de entrega?,Usted recibirá su pedido dentro de aproximadamente 48 horas en ciudades principales del país.,¿Originales?,Sí, vendemos productos originales únicamente, por ello, la garantía de la marca es de 1 año.,¿Repuestos?,Sí, contamos con repuestos para todas las marcas que tenemos.,¿Garantía?,Sí, usted está cubierto por garantía de 1 año contra defectos de fabricación por parte de la marca, somos distribuidores autorizados.",108.14,Plancha Waflera Para Estilizar 1½  Babylisspro Bntcrs3073tuc
"Solo con enchufarla, la luz verde se encenderá y la máquina comenzará a calentarse, cuando el indicador luminoso solo tendrá que introducir la masa en los huecos y comenzarán a cocinarse. Placas antiadherentes",16,Waflera 
"Detalles del producto,Wafflera Brentwood para hacer Gofres, color Azul, Talla única Modelo TS-1401BL ,Disfrútelo con helado y fruta o incluso con pollo y salsa,Hace un tazón de waffle perfecto en minutos,Platos de waffle de 5 pulgadas de diámetro ,Superficie antiadherente fácil de limpiar,Luces indicadoras de encendido y precalentamiento,Use la máquina para hacer tazones para gofres Brentwood TS-1401BL para hornear fácilmente tazones perfectos de 5 para postres. También hace tacos, hash brown y tazones para galletas. Cuenta con placas antiadherentes fáciles de limpiar y luz indicadora de encendidoprecalentamiento. Hornee de forma segura con una carcasa fría al tacto y patas antideslizantes seguras. Playful Blue añade mucha diversión a la cocina.,Tipo: Cocina.,Marca: Brentwood,Modelo: TS-1401BL,Somos Ferretería Cano, tenemos tienda física y tienda en línea, realizamos envíos a todo el país.,Nuestros productos son nuevos y los entregamos con factura.,Realice todas las preguntas que considere necesarias antes de comprar,Pasos Para Comprar:,1. De 1 solo click al momento de comprar, nuestros datos le llegaran a su correo tenga paciencia, si hace más de un click significa que va a comprar más de uno.,2. Su pago puede acordarlo con nosotros o realizarlo por Mercado Pago,3. No se olvide de calificar después de realizar su compra.,El envío es con recargo y puede ser realizado en cualquier operador de transporte,Gracias por trabajar con nosotros.,CUALQUIER INQUIETUD SERA RESPONDIDA CON MUCHO GUSTO",47.29,Wafflera Brentwood  Para Hacer Gofres
"Cocinar el desayuno y almuerzo para su familia es conveniente con el diseño 3 en 1. Comience preparando waffles, luego invierta las placas de Coción y doble hacia atrás la parte superior con bisagra para abrirla en posición plana con 2 placas de plancha que le permiten cocinar huevos y tocino. Cocinar es fácil con las canales de grasa que drenan los residuo de grasa de los alimentos. Para el almuerzo, prepare sándwiches tostados para satisfacer cualquier apetito.",102.73, Waflera/parrilla/ Plancha Black+decker 3 En 1
"Onix agro,Garantía del vendedor: 12 meses",195,Waflera Profesional Waffles De Burbuja 110v Típo Industrial 
"Con la mini máquina para hacer wafles, puede preparar platos individuales en menos de tres minutos. ¡La superficie antiadherente te permite cocinar y dorar perfectamente lo que sea que hagas, y es una actividad divertida tanto para adultos como para niños! ,Potencia 350 w,Esperar que la luz verde encienda para saber que el wafle está cocinado ,Fácil de limpiar",14,"Waflera Eléctrica Personal Corazón 350w,cocina, Niños Nueva"
"Con la mini máquina para hacer wafles, puede preparar platos individuales en menos de tres minutos. ¡La superficie antiadherente te permite cocinar y dorar perfectamente lo que sea que hagas, y es una actividad divertida tanto para adultos como para niños! ,Potencia 350 w,Esperar que la luz verde encienda para saber que el wafle está cocinado ,Fácil de limpiar",13,"Mini Waflera Eléctrica Corazón, 360w, Hogar Postres Nueva"
"Este paquete contiene:,Máquina para hacer Jabones,Un inserto de plástico para guía,Un libra de jabón blanco,Un molde de jabón con base,Un tapon de goma.,Instrucciones,Cuenta con un termostato ajustable para mantener estables las temperaturas, una tapa con cierre para evitar derrames accidentales y una válvula para controlar el goteo del jabón.,Garantía del vendedor: 1 días",130,Maquina Para Hacer Jabones Original 
"Con la mini máquina para hacer wafles, puede preparar platos individuales en menos de tres minutos. ¡La superficie antiadherente te permite cocinar y dorar perfectamente lo que sea que hagas, y es una actividad divertida tanto para adultos como para niños! ,Potencia 350 w,Esperar que la luz verde encienda para saber que el wafle está cocinado ,Fácil de limpiar",13,"Mini Waflera Corazón, Nueva Electrodomésticos Hogar Cocina"
"ANDINA DISTRIBUIDORA ,Wafflera estilo Belga 26020 de Hamilton Beach,Características,- Marca: Hamilton Beach,- Modelo: 26020,- Almacenamiento vertical,- Capacidad para 4 waffles,- luces de encendido y precalentamiento ubicadas en la parte superior indican cuándo se enciende y cuándo agregar masa,- Rejillas antiadherentes estilo belga, fáciles de limpiar,- Estructura de acero inoxidable de alta calidad fácil de limpiar,- Waffles listo en 5 minutos,Waflera 2 Panes Sanduchera Hamilton Beach 26009",65,Waflera Belga 4  Divisiones / Hamilton Beach 26020
"I.D.E.,Importotal del Ecuador®,SOLUCIONES,-Estamos ubicados en Cuenca (único local en el País), local comercial propio y abierto al público en la misma* ubicación desde 1988.,*PRODUCTO:,============*,-Waflera Giratoria Estilo Belga / Marca Hamilton Beach Mod. 26010R (Alta Calidad),*DESCRIPCIÓN DEL PRODUCTO:,=============================*,-Tómese unos minutos para disfrutar de un buen desayuno con wafles profesionales al estilo belga. Crujiente por fuera y suave por dentro servido con un poco de mantequilla derretida y jarabe de maple es una manera deliciosa de comenzar el día. Gire los wafles y deje resultados homogéneos como los profesionales de un restaurante. Con un pequeño giro de la muñeca la máquina le permite hacer wafles gruesos y dorados,*ESPECIFICACIONES DEL PRODUCTO:,==================================*,-Modelo: 26010R,-Marca: Hamilton Beach (alta calidad),-Condición o estado: producto NUEVO de paquete (cartón sellado),-Procedencia: Norteamérica con mano de obra China. Producto original (Producto de MARCA),-Waflera para uso doméstico únicamente (NO comercial) (en el hogar o hasta negocios pequeños),-Funcionamiento: 110 voltios / 60 Hz,-Potencia: 800 watts,-Número de wafles: 1 wafle redondo grande con un diámetro aproximado de ""17"" cm (ver imágenes),-Rejillas ""antiadherentes"" fáciles de limpiar (estilo belga),-Incluye control ajustable de dorado con 4 posiciones (temperatura mínima, 1, 2 y 3),-Luces indicadoras que muestran cuando está encendida y cuando agregar la masa,-Incluye bandeja inferior ""plástica"" color negro brillante para escurrir (bandeja desmontable para una limpieza fácil) (tamaño de la bandeja plástica negra: 23 cm x 24 cm),-Waffles con moldes cuadrados ""profundos"" de manera que se pueda poner mantequilla o jarabe,-Rejillas con cierre seguro mientras los waffles se cocinan,-Diseño elegante de color negro y cuerpo de acero inoxidable pulido (acero inoxidable de primera calidad),-Dos asas para agarre frías al tacto,-Gire la waflera para obtener wafles gruesos y esponjosos (resultados deliciosos y profesionales),-Longitud aproximada del cable: 65 cm,-Material de fabricación: exterior de acero inoxidable y partes negras plásticas (ver fotos),-Waflera con 4 patas de caucho en la base (patas antideslizantes),-Estrellas calificado por el consumidor: 4,5 sobre 5,-Tamaño aproximado de la waflera: 34,5 cm x 23 cm de ancho x 18,5 cm de alto,-Medidas del cartón: 39 cm x 24 cm x 22 cm de alto,-Peso de la waflera incluido el empaque: 2,60 kg = 5,72 libras,-Servicio técnico de MARCA con uso doméstico y sin costo: 1 año (NO por descuido) reclamos en nuestro local comercial,*PRECIO DE VENTA AL PÚBLICO:,=============================*,-Precio en Mercado Libre: $55,84 USD (NO incluye envío) (NO aplica para pagos con tarjetas de ""débito o crédito"" en nuestro local físico en Cuenca),-Precio si nos compra FUERA de Mercado Libre (por redes sociales): $46 USD (NO incluye envío) (NO aplica para pagos con tarjetas de ""débito o crédito"" en nuestro local físico en Cuenca) (Mostrando* este mensaje),*PREGUNTAS FRECUENTES:,=========================*,1. ¿Si llegará mi compra si les deposito mi dinero?: Por supuesto, para valorar nuestra palabra, por favor analice nuestra reputación, pues son comentarios de clientes que ya nos compraron o depositaron el dinero. La reputación es el historial inalterable a lo largo del tiempo en compras y ventas que todo usuario en Mercado Libre tiene. Por lo tanto, razón única y legítima por la que usted puede confiar en nosotros.,2. ¿Sus precios son negociables?: No, nuestros precios son fijos y procuramos* siempre que estos sean los mejores del mercado,3. ¿Me puede detallar su dirección, información bancaria o WhatsApp?: En la ciudad de Cuenca (único local en el País). Para mayor información, en su cuenta verifique o actualice su teléfono* de contacto y haga clic sobre el botón rectangular azul ""Comprar ahora"",I.D.E.,Importotal del Ecuador®,CUENCA - ECUADOR,[6 - 8 - 9,5],Garantía del vendedor: 1 años",55.84,Waflera Giratoria Estilo Belga / Marca Hamilton Beach 26010r
"***Somos TvCorner***,Capacidad de walfles: 2 porciones,Cubierta: acabado de lujo de acero inoxidable,Rejillas antiadherente estilo belga,Luces de encendido y precalentado con selector de tonos varía de claro a marrón y crujiente para el wafle.,Almacenamiento tipo vertical,Regulador de temperatura de mínimo a máximo,Parrillas de fácil limpieza,Potencia: 650 watts,Medidas: Alto 19,6cm X Ancho 11,5cm X Profundidad 21,9cm",54.99,Waflera Hamilton Beach  Waffles Antiadherente Inox 26009
"Comidas sobre la marcha: manera rápida y saludable de cocinar gofres, tostadas francesas, galletas y salsa, hash browns, queso a la parrilla, quesadillas, pizza, brownies, galletas y mucho más. Perfecto para desayuno, almuerzo, cena y postre,Fácil de usar: simplemente enchufa, espera 1 – 3 minutos hasta que se caliente y cuando la luz indicadora se apaga, puedes empezar a cocinar,Superficie de cocción de doble cara: cada superficie de cocción es de 5.0 in de ancho, proporcionando resultados rápidos, eficientes y consistentes. La superficie antiadherente se limpia fácilmente,Asas de tacto frío: el mango de tacto frío te permite mantener tus manos seguras al abrir y cerrar la tapa,Regalo: regalo perfecto para bodas, cumpleaños, vacaciones, vida universitaria y mucho más",15,Mini Maquina Waflera Personal Modelo Corazón Electrica Hogar
"-----------------------------------------------------------------------,------------------------- TECNOPRO.EC ----------------------,-----------------------------------------------------------------------,- Importadores Directos,- Locales físicos para su seguridad,- Nuestros precios incluyen IVA + Factura legal,- Mercado Líderes Gold,- 12 Meses de Garantía,- Entregas locales y envíos a todo el país,--------------------------------------------------------------------,------------------------ PRODUCTO ------------------------,--------------------------------------------------------------------,Waflera Tipo Belga Hamilton Beach 26010R,Es muy sencillo de prepararlos, simplemente espera a que se encienda la luz de Listo, luego agrega la masa. De 4 a 5 minutos, tendrás cuatro deliciosos waffles calientes y listos para servir. Las luces de encendido y precalentamiento ubicadas en la parte superior indican cuándo está encendido y cuándo agregar la masa.,Cuando termines, las rejillas antiadherentes se limpian muy fácilmente. El almacenamiento compacto y vertical permite que tu waflera se guarde fácilmente en cualquier espacio aunque tu cocina sea pequeña.,Características,Waflera Estilo Belga Rotatoria,Rota para obtener waffles gruesos y esponjosos,Resultados deliciosos y profesionales,Rejillas antiadherentes fáciles de limpiar,Control ajustable de dorado prepara waffles crocantes por fuera y esponjosos por dentro,Luces indicadoras indican cuando está encendida y cuando agregar la masa,Rejillas de cierre seguro mientras el waffle se cocina,Moldes profundos,Cuerpo de acero inoxidable pulido,Asa fría al tacto,Bandeja para escurrir desmontable para una limpieza fácil,--------------------------------------------------------------------,-------------------------- INCLUYE ---------------------------,--------------------------------------------------------------------,- Waflera Tipo Belga Hamilton Beach,- Guía de inicio rápido,- Garantía,--------------------------------------------------------------------,------------------- FORMAS DE PAGO --------------------,--------------------------------------------------------------------,- Efectivo,- Depósito o Transferencia Bancaria,- Tarjetas de crédito (Aceptamos todas las tarjetas de crédito),- Pagos Online Datalink (Datafast), Payphone, Payclub,* El precio publicado ya incluye IVA y es promocional para pago en efectivo, transferencia, o depósito bancario. (no incluye comisión de este portal),--------------------------------------------------------------------,------------------------ UBICACION ------------------------,--------------------------------------------------------------------,- QUITO: Sector Rumipamba, Av. Edmundo Carvajal, subida al CC El Bosque,- AMBATO: Cdla. España, Av. Barcelona y Sevilla Esq. ,--------------------------------------------------------------------,--------------- HORARIO DE ATENCIÓN ---------------,--------------------------------------------------------------------,- Lunes a Viernes: 9:00 am a 6:30 pm,- Sábados: de 10:00 am a 4:00 pm,- Domingos y feriados: consultar,--------------------------------------------------------------------,--------------------------- ENVÍOS ---------------------------,--------------------------------------------------------------------,- Envíos inmediatos el mismo día a domicilio en Quito y Ambato.,- Envíos a todo el país por Servientrega, recibe en 24 horas (Envío asegurado).,- A petición del cliente enviamos por Coop de Transporte.,--------------------------------------------------------------------------,EN TECNOPRO.EC TU COMPRA ES 100% SEGURA,--------------------------------------------------------------------------",71.99,Waflera Belga Hamilton Beach Antiadherente Original
"I.D.E.,Importotal del Ecuador®,SOLUCIONES,-Estamos ubicados en Cuenca (único local en el País), local comercial propio y abierto al público en la misma* ubicación desde 1988.,*PRODUCTO:,============*,-Waflera Sanduchera (3 En 1) Marca Oster Original 110 Voltios* 1200 Watts / Mod. Cg120,*DESCRIPCIÓN DEL PRODUCTO:,=============================*,-Una sandwichera más que completa con la que podrás preparar no sólo sándwiches sino también waffles, o cocinar alimentos como carnes y vegetales, pudiendo abrirse completamente para usar como parrilla.,*CARACTERÍSTICAS DEL PRODUCTO:,=================================*,-Marca: Oster original*,-Uso doméstico,-Tres-en-uno: placas reversibles para preparar waffles, dorar sándwiches o cocinar alimentos,-Control variable que te permite seleccionar la temperatura adecuada para cocinar,-Superficies de cocción con recubrimiento antiadherente Altura regulable para preparar comidas de cualquier grosor,-Se abre completamente para cocinar a la parrilla,-Superficies de cocción removibles,-Asas y base frías al tacto,-Procedencia: importación China,*ESPECIFICACIONES DEL PRODUCTO:,==================================*,-Modelo: CG120,-Potencia: 1200 watts,-Funcionamiento: 110 voltios / 60 Hz,-Código universal del producto: 034264061613,-Amplíe información en la WEB oficial* de la marca con el número de modelo,-Imágenes mostradas: somos únicos en editar y presentar imágenes NO referenciales en TODOS nuestros productos,-Medidas del cartón de empaque en cm: 34x16x35 de alto,-Peso del producto incluido el empaque de cartón: 3,2 Kg = 7 Lb,-Garantía de marca: 1 año con uso doméstico* (ver condiciones en el manual),*PRECIO DE VENTA AL PÚBLICO:,=============================*,-Precio en Mercado Libre: $98,47 USD (NO incluye envío) (NO aplica para pagos con tarjetas de ""débito o crédito"" en nuestro local físico en Cuenca),-Precio si nos compra FUERA de Mercado Libre (por redes sociales): $80 USD (NO incluye envío) (NO aplica para pagos con tarjetas de ""débito o crédito"" en nuestro local físico en Cuenca) (Mostrando* este mensaje),*PREGUNTAS FRECUENTES:,=========================*,1. ¿Si llegará mi compra si les deposito mi dinero?: Por supuesto, para valorar nuestra palabra, por favor analice nuestra reputación, pues son comentarios de clientes que ya nos compraron o depositaron el dinero. La reputación es el historial inalterable a lo largo del tiempo en compras y ventas que todo usuario en Mercado Libre tiene. Por lo tanto, razón única y legítima por la que usted puede confiar en nosotros.,2. ¿Sus precios son negociables?: No, nuestros precios son fijos y procuramos* siempre que estos sean los mejores del mercado,3. ¿Me puede detallar su dirección, información bancaria o WhatsApp?: En la ciudad de Cuenca (único local en el País). Para mayor información, en su cuenta verifique o actualice su teléfono* de contacto y haga clic sobre el botón rectangular azul ""Comprar ahora"",I.D.E.,Importotal del Ecuador®,CUENCA - ECUADOR,[5 - 6 - 7,5]",98.47,Waflera Sanduchera Marca Oster 1200 Watts / Mod. Cg120
"Mini waflera corazón. Esta mini waflera será un gran complemento en tu cocina para tu día a día. Te facilitará la preparación de waffles en cuestión de minutos. Los waffles son fáciles de desmoldar, pueden aplicar un poco de mantequilla o aceite pero solo en pequeñas cantidades, esto facilitará que puedas sacarlos mucho más fácil. Es de material antiadherente y tiene un indicador LED que te avisa el encendido y apagado. Fácil de almacenar y transportar. Observaciones adicionales: las fotografías y descripción del producto son referenciales.,Potencia : 350W.,Material: Plástico,Color: Rojo,Medidas: 12cmx12cmx9cm",16,"Mini Waflera Antiadherente,eléctrica,waffles Corazon Nueva"
"Comidas sobre la marcha: manera rápida y saludable de cocinar gofres, tostadas francesas, galletas y salsa, hash browns, queso a la parrilla, quesadillas, pizza, brownies, galletas y mucho más. Perfecto para desayuno, almuerzo, cena y postre,Fácil de usar: simplemente enchufa, espera 1 – 3 minutos hasta que se caliente y cuando la luz indicadora se apaga, puedes empezar a cocinar,Superficie de cocción de doble cara: cada superficie de cocción es de 5.0 in de ancho, proporcionando resultados rápidos, eficientes y consistentes. La superficie antiadherente se limpia fácilmente,Asas de tacto frío: el mango de tacto frío te permite mantener tus manos seguras al abrir y cerrar la tapa,Regalo: regalo perfecto para bodas, cumpleaños, vacaciones, vida universitaria y mucho más",15,Mini Waflera Electrica  Personal En Forma De Corazón 
"Mini Waflera ,350w,Color rojo",8.50,Mini Waflera Maquina Waffles Repostería 
"Canguilera Industrial 110v-150 Onzas 52 Cm X 42 Cm X 68 Cm,ANDINA DISTRIBUIDORA,CARACTERISTICAS,- MODELO OT-804,- Capacidad 150 onzas de maíz.,- Acabado en acero inoxidable.,- Cristales totalmente reforzados.,- Sistema de alta eficiencia de calentamiento mediante luz infrarroja.,- Charola con diseño de cajón para fácil limpieza.,- Funcionamiento: 1.3 kw Eléctrico 110 volts 60 Hz.,* Medidas:,- Frente: 52 CM,- Fondo: 42 CM,- Alto: 68 CM,Una vez que la unidad comienza a cocinar, las palomitas de maíz terminadas caen a la plataforma de calentamiento de la máquina para hacer palomitas, donde se mantienen frescas hasta que esté listo para servir.,Es una excelente adición a ferias, eventos, cumpleaños, emprendimiento, negocios y todo tipo de reuniones familiares, sociales de trabajo, etc.,Toma solo 3-4 minutos para precalentar,Hervidor y estructura de acero inoxidable duraderos,Llamativo top rojo con recubrimiento de polvo,Paneles de plástico transparente y una luz más cálida que ilumina para una visibilidad máxima,Operación de 3 interruptores,Usar este equipo es tan simple que solo se necesitan tres interruptores. Uno es para la luz de merchandising, otro controla el volteador y el tercero inicia el estallido.,8 oz. Hervidor de acero inoxidable,El hervidor se precalienta en solo unos minutos para una producción rápida. A medida que la tetera se llena, las palomitas de maíz caen al área de calentamiento, listas para servir.,Construcción duradera,La parte superior / inferior interior, el hervidor, la bandeja para migas y el marco están hechos de acero inoxidable.,Bandeja para migas extraíble,La bandeja para migas extraíble de este modelo facilita la extracción de los granos caídos y mantiene la máquina limpia.,EXCELENTE CALIDAD,ENTREGA INMEDIATA,PRODUCTO 100% NUEVO",350,Canguilera Industrial 110v-150 Onzas 52 Cm X 42 Cm X 68 Cm
"Wafflera Circular Giratoria Hamilton Beach 26010,ANDINA DISTRIBUIDORA,• Diseño Giratorio - Control de intensidad regulable, luces indicadoras.,• Dimensión del área de cocción de 20 cm,• Asa lateral de tacto frío,• Carcasa de acero inoxidable,• Revestimiento antiadherente para una fácil limpieza,EXCELENTE CALIDAD,ENTREGA INMEDIATA,PRODUCTO 100% NUEVO",53,Wafflera Circular Giratoria Hamilton Beach 26010
"Una sandwichera más que completa con la que podrás preparar no sólo sándwiches sino también waffles, o cocinar alimentos como carnes y vegetales, pudiendo abrirse completamente para usar como parrilla. La altura es regulable, de acuerdo al grosor de lo que quieras elaborar. Además, las superficies de cocción son removibles para que la limpieza sea más fácil,,Tres-en-uno: placas reversibles para preparar waffles, dorar sándwiches o cocinar alimentos,Control variable que te permite seleccionar la temperatura adecuada para cocinar,Superficies de cocción con recubrimiento antiadherente Altura regulable para preparar comidas de cualquier grosor,Se abre completamente para cocinar a la parrilla,Superficies de cocción removibles,Asas y base frías al tacto.,Nuestro local de entrega en Quito está en el sector Norte Carcelén.,Recuerde que GadiVentas le ofrece productos de calidad.,Puede hacer su compra con tranquilidad y confianza.,SOMOS MERCADO LÍDER,FORMAS DE PAGO: Efectivo, Depósito, Transferencia bancaria.,NUESTROS PRECIOS INCLUYEN IVA,ENTREGA INMEDIATA: En nuestro local o Envíos a nivel nacional, por medio de Servientrega, Tramaco Express o la empresa de transporte de su preferencia, los gastos de envió lo asume el cliente.,SOMOS GADIVENTAS.,NUESTRA REPUTACIÓN ES LA MAYOR CARTA DE PRESENTACIÓN. ESTAMOS PARA SERVIRLE.",85,Waflera/sanduchera Oster® 3 En 1 Cg120w-012
"Esta waflera eléctrica tiene un estilo profesional de diseño giratorio que hornea galletas belgas en cuestión de minutos. Gira 360 grados para repartir uniformemente la masa de los wafles, de esta manera quedan crujientes por fuera y suaves por dentro., ,Cuenta con placas antiadherentes para una sencilla limpieza, perrilla de control de ajuste de temperatura y bandeja colectora de migas desmontable., ,La base y manijas se mantienes frías al tacto y además tiene soportes antideslizantes, brindando total seguridad durante su uso.",68,"Waflera Belga Giratoria Multifuncion , Rotación 360g Nueva"
"Canguilera Industrial 110v-150 Onzas 56 Cm X 42 Cm X 76cm,ANDINA DISTRIBUIDORA,CARACTERISTICAS,- MODELO OT-804,- Capacidad 150 onzas de maíz.,- Acabado en acero inoxidable.,- Cristales totalmente reforzados.,- Sistema de alta eficiencia de calentamiento mediante luz infrarroja.,- Charola con diseño de cajón para fácil limpieza.,- Funcionamiento: 1.3 kw Eléctrico 110 volts 60 Hz.,* Medidas:,- Frente: 56 CM,- Fondo: 42 CM,- Alto: 76 CM,Una vez que la unidad comienza a cocinar, las palomitas de maíz terminadas caen a la plataforma de calentamiento de la máquina para hacer palomitas, donde se mantienen frescas hasta que esté listo para servir.,Es una excelente adición a ferias, eventos, cumpleaños, emprendimiento, negocios y todo tipo de reuniones familiares, sociales de trabajo, etc.,Toma solo 3-4 minutos para precalentar,Hervidor y estructura de Acero Inoxidable duraderos,Llamativo top rojo con recubrimiento de polvo,Paneles de plástico transparente y una luz más cálida que ilumina para una visibilidad máxima,Operación de 3 interruptores,Usar este equipo es tan simple que solo se necesitan tres interruptores. Uno es para la luz de Merchandising, otro controla el volteador y el tercero inicia el estallido.,8 oz. Hervidor de acero inoxidable,El hervidor se precalienta en solo unos minutos para una producción rápida. A medida que la tetera se llena, las palomitas de maíz caen al área de calentamiento, listas para servir.,Construcción duradera,La parte superior / inferior interior, el hervidor, la bandeja para migas y el marco están hechos de acero inoxidable.,Bandeja para migas extraíble,La bandeja para migas extraíble de este modelo facilita la extracción de los granos caídos y mantiene la máquina limpia.,EXCELENTE CALIDAD,ENTREGA INMEDIATA,PRODUCTO 100% NUEVO",390,Canguilera Industrial  110v-150 Onzas 56 Cm X 42 Cm X 76cm
"***Somos TV Corner***,CARACTERISTICAS:,Carcasa fría al tacto,Luz de encendido,Luz indicadora de preparado,Temperatura máxima 240º C,Recubrimiento antiadherente para facilitar la limpieza,Diámetro del plato: 20 cm,Patas antideslizantes,Uso doméstico",45.99,Waflera Redonda Umco Recubrimiento Antiadherente 0613
"ANTES DE DAR CLICK EN COMPRAR, revisa esta NOTA IMPORTANTE:,CIRCUIT SHOP se rige a las políticas de Mercado Libre; donde en el artículo 141 indica: “REALIZAR LA COMPRA EN ESTE PORTAL, YA ES UN COMPROMISO.”,Realiza las preguntas que desees y estaremos gustosos de contestarlas.,Producto Original Black+Decker con 2 años de garantía.,Somos CIRCUIT-SHOP,Roberto Cruz y Ángel Ludeña,Waflera Estilo Belga Giratoria,Modelo: WM1404S-LA,Haga wafles esponjosos que queden perfectos con cualquier aderezo. Con solo girar el mango, el sistema de rotación y cocción. Además, la luz indicadora de wafles listos, te permite saber cuándo están cocinados y listos para servir.,CARACTERÍSTICAS,- Sistema de rotación y cocción.,- Indicador de luz; la luz indicadora se ilumina cuando la waflera se ha calentado adecuadamente y está lista para recibir la mezcla, luego se vuelve a iluminar cuando el waffle se termina de cocinar.,- Cool-touch mango.,- Bloqueo de la manija.,- Revestimiento antiadherente duradero.,ESPECIFICACIONES,- Descripción: WLAFLERA GIRATORIA INOX/NGO BLACK+DECKER,- Potencia: 800W,- Dimensiones del producto: Ancho 30 cm, Alto 11 cm y Profundidad 18 cm,- Peso del producto: 2.75kg.,- Unidad de venta: unidad,HORARIOS DE ATENCIÓN:,Este producto lo podrás retirar en nuestras oficinas ubicadas en el sector Quito Norte de lunes a viernes de 10:00 a 20:30; sábados de 10:00 a 16:00. Domingos NO atendemos. ,ENVÍO A DOMICILIO VÍA MERCADO ENVÍOS:,Este producto se despachará por “MERCADO ENVÍOS” a través de su Courier URBANO; Courier designado por esta página. Tendrá un tiempo de entrega estimado proporcionado por Mercado Libre y podrás revisar el estado del proceso dentro de la misma plataforma. ,Asegúrate de que tu número de cédula y tu número de teléfono estén en la sección de mensajería una vez realizada la compra. ,Si no requieres envío, puede pasar retirando por nuestras oficinas.",75.49,Waflera Giratoria Estilo Belga Black Decker Circuit Shop
"Somos TVCORNER puedes encontrarnos en GOOGLE para que nos puedas contactar sin compromiso y que obtengas un 10% de descuento en tu compra.,**Pagos Dentro Le Quito Al Norte Y Sur Lo Puede Realizar Contra Entrega**,-Tres-en-uno:,-Placas reversibles para preparar waffles.,-Control variable temperatura.,-Superficies de cocción con recubrimiento antiadherente.,-Altura regulable para preparar comidas de cualquier grosor.,-Se abre completamente para cocinar a la parrilla.,-Superficies de cocción removibles.,-Asas y base frías al tacto Altura regulable.,* Aceptamos pagos por PAY PAL *,*Antes de dar CLIP EN COMPRAR por favor confirme el STOCK*",60.99,"Waflera, Sanduchera Y Parrilla Reversible Hi Luxe Hl-1200"
"Waflera Hamilton Beach 26081 Tipo Belga,ANDINA DISTRIBUIDORA,Marca: Hamilton Beach,Waflera.,Tipo Belga,Ref 26081,Control de tostado ajustable,Encendido y luces preparadas,almacenamiento compacto y vertical,Platos de waffles antiadherentes de facil limpieza,Los gofres belgas clásicos, cubiertos con mantequilla y almíbar, son solo el comienzo. Con la máquina para hacer gofres estilo belga, es fácil probar una variedad de creaciones dulces y saladas como suero de leche, pizza o wafles.,EXCELENTE CALIDAD,ENTREGA INMEDIATA,PRODUCTO 100% NUEVO,Garantía del vendedor: 6 meses",44.99,Waflera Hamilton Beach 26081 Tipo Belga
"Mini Waflera Electrica Personal En Forma De Corazón,ANDINA DISTRIBUIDORA,SOMOS ANDINA DISTRIBUIDORA,Comidas sobre la marcha: manera rápida y saludable de cocinar gofres, tostadas francesas, galletas y salsa, hash browns, queso a la parrilla, quesadillas, pizza, brownies, galletas y mucho más. Perfecto para desayuno, almuerzo, cena y postre,Fácil de usar: simplemente enchufa, espera 1 – 3 minutos hasta que se caliente y cuando la luz indicadora se apaga, puedes empezar a cocinar,Superficie de cocción de doble cara: cada superficie de cocción es de 5.0 in de ancho, proporcionando resultados rápidos, eficientes y consistentes. La superficie antiadherente se limpia fácilmente,Asas de tacto frío: el mango de tacto frío te permite mantener tus manos seguras al abrir y cerrar la tapa,ANDINA DISTRIBUIDORA",14,Mini Waflera Electrica  Personal En Forma De Corazón 
"Wafflera Doble vertical tipo belga  eléctrica características comercial resistente para mayor durabilidad.,Diseñado con triple-coated antiadherente platos que permite para fácil eliminación de gofres y rápida limpieza,Elementos de calefacción son incrustado en platos para control de temperatura preciso y distribución uniforme del calor, para un resultado uniforme de en color tostado,Incluye sobre de potencia y ready-to-bake indicadores LED, señal de audio pitido cuando la unidad está listo para cocinar y cuando el gofre está listo para servir,Viene con nuevo diseño vertical ahorra espacio con no empotrado listo luces cocineros dos gofres a la vez con la huella de una sola mano eléctrica.,120 voltios,Produce 50 waffles por hora grosor de 2.54cm,Precio no incluye envío ni valor de I.V.A",800,Waflera Industrial Americana 
"Mini Waflera Practica De Uso Rapido,Fácil de usar,Solo con enchufarla, la luz verde se encenderá y la máquina comenzará a calentarse, cuando el indicador luminoso solo tendrá que introducir la masa en los huecos y comenzarán a cocinarse.,Placas antiadherentes,Gracias a las placas antiadherentes los popcakes no se quedarán pegados al molde y podrá realizar la limpieza del producto de forma rápida y sencilla.,Compacto,Cocina 7 divertidos cupcakes, en minutos. Cuando no esté en uso es fácil de guardar por sus reducidas dimensiones: 12 cm.,Características,Base con patas antideslizantes para mejorar la estabilidad, asa de toque frío, luz indicadora de encendido y de temperatura idónea alcanzada.,Entregamos empacado como viene de importación,Excelente calidad.,Entrega inmediata.",10,Mini Waflera Practica De Uso Rapido
"Prepara unos deliciosos wafles desde la comodidad de tu hogar con la Mini Waflera eléctrica. Su diseño portátil y peso ligero lo hace de fácil transporte. Por lo que podrás llevarlo al trabajo, a picnics, viajes y mucho más. Resistente y fácil de usar con un solo botón de encendido y apagado.,Disfruta de un desayuno familiar con tus Waffles favoritos. El material antiadherente en el que esta hecho lo hace de fácil limpieza para que disfrutes al máximo un desayuno familiar.",18,Maquina Mini Waflera Eléctrica
"Mini Wafflera Practica De Uso Rapido,ANDINA DISTRIBUIDORA,Fácil de usar,Solo con enchufarla, la luz verde se encenderá y la máquina comenzará a calentarse, cuando el indicador luminoso solo tendrá que introducir la masa en los huecos y comenzarán a cocinarse.,Placas antiadherentes,Gracias a las placas antiadherentes los popcakes no se quedarán pegados al molde y podrá realizar la limpieza del producto de forma rápida y sencilla.,Compacto,Cocina 7 divertidos cupcakes, en minutos. Cuando no esté en uso es fácil de guardar por sus reducidas dimensiones: 12 cm.,Características,Base con patas antideslizantes para mejorar la estabilidad, asa de toque frío, luz indicadora de encendido y de temperatura idónea alcanzada.,Producto 100% nuevo de paquete. ,Excelente calidad.,Entrega inmediata.",14,Mini Wafflera Practica De Uso Rapido
"ANTES DE DAR CLICK EN COMPRAR, revisa esta NOTA IMPORTANTE:,CIRCUIT SHOP se rige a las políticas de Mercado Libre; donde en el artículo 141 indica: “REALIZAR LA COMPRA EN ESTE PORTAL, YA ES UN COMPROMISO.”,Realiza las preguntas que desees y estaremos gustosos de contestarlas.,Producto Original Black+Decker con 2 años de garantía.,Somos CIRCUIT-SHOP,Roberto Cruz y Ángel Ludeña,Detalles del Producto:,Waflera/Parrilla/ Plancha 3 en 1 BLACK+DECKER,Modelo: G49TD,Cocinar el desayuno y almuerzo para su familia es conveniente con el diseño 3 en 1. Comience preparando waffles, luego invierta las placas de cocción y doble hacia atrás la parte superior con bisagra para abrirla en posición plana con 2 placas de plancha que le permiten cocinar huevos y tocino. Cocinar es fácil con las canales de grasa que drenan los residuo de grasa de los alimentos. Para el almuerzo, prepare sándwiches tostados para satisfacer cualquier apetito.,Descripción,- Comience preparando waffles, luego invierta las placas de cocción y doble hacia atrás la parte superior con bisagra para abrirla en posición plana con 2 placas de plancha que le permiten cocinar huevos y tocino,- 3 en 1; waflera, sandwichera, parrilla,- 2 Parrillas de Cocción reversibles,- Control automático temperatura,- Luz indicadora,- Superficie antiadherente,- Plancha de 20,3 x 20,3 cm,- Asa fría al contacto,- 4 pies de soporte,INCLUYE,- Waflera/Parrilla/ Plancha 3 en 1 BLACK+DECKER G49TD,- Manual,HORARIOS DE ATENCIÓN:,Este producto lo podrás retirar en nuestras oficinas ubicadas en el sector Quito Norte de lunes a viernes de 10:00 a 20:30; sábados de 10:00 a 16:00. Domingos NO atendemos. ,ENVÍO A DOMICILIO VÍA MERCADO ENVÍOS:,Este producto se despachará por “MERCADO ENVÍOS” a través de su Courier URBANO; Courier designado por esta página. Tendrá un tiempo de entrega estimado proporcionado por Mercado Libre y podrás revisar el estado del proceso dentro de la misma plataforma. ,Asegúrate de que tu número de cédula y tu número de teléfono estén en la sección de mensajería una vez realizada la compra. ,Si no requieres envío, puede pasar retirando por nuestras oficinas.",103.99,Sanduchera Waflera Parrilla Black Decker G49td Circuit Shop 
